airflow,brand_id,capacity_class,capacity_kw,confidence,cooling_capacity_btu_max,cooling_capacity_btu_min,cooling_capacity_kw_max,cooling_capacity_kw_min,cooling_type,cop,cspf,equipment_subtype,equipment_type,external_static_pressure_pa,extraction_method,frequency,frequency_source,gas_pipe_mm,indoor_model,inverter,is_active,issues,liquid_pipe_mm,max_actual_pipe_length_m,max_height_difference_m,mode,model_code,name,noise_level,outdoor_family_label,outdoor_model,outdoor_series,phase,power_variant,product_category_id,readiness,refrigerant,refrigerant_gas,robots,schema_enabled,series,sku,source_column,source_page,source_pdf,source_pdf_page,source_printed_page,source_row,source_section,source_sha256,source_table,technical_capacity_btu,voltage,voltage_source
23 / 21 / 18.5 / 16 / 13.5,1,50,5.0,VERIFIED_TECHNICAL_TABLE,-19100,7800,-5.6,2.3,1_chieu,4.95,7.60,Round Flow có Streamer,cassette,,PDF_TABLE_VISUAL_VERIFICATION,50 / 60Hz,50 / 60Hz,,FCTF50AVM,1,0,,o/9.5,50 (Chiều dài tương đương 70),30,cooling_only,FCTF50AVM/RZF50DVM,Điều hòa Daikin SkyAir Round Flow có Streamer FCTF50AVM/RZF50DVM,37 / 34.5 / 32 / 29.5 / 27.5,Inverter cao cấp,RZF50DVM,RZF,1,Dàn nóng,24,IMPORT_READY,R32,R32,"noindex,follow",0,SkyAir RZF - Round Flow có Streamer,FCTF50AVM-RZF50DVM,5,55,DAIKIN - CATALOGUE MÁY LẠNH THƯƠNG MẠI 2026 - SKY AIR.pdf,55,108|109,7,TECHNICAL_APPENDIX,F02E3C7B0F993D636630AB4C640D3C7662AA2BF0CC9F5F1957CF460DF7C659DE,2,17100,220-240/220-230,"1 Pha, 220-240 / 220-230V, 50 / 60Hz"
23 / 21 / 18.5 / 16 / 13.5,1,50,5.0,VERIFIED_TECHNICAL_TABLE,-19100,7800,-5.6,2.3,1_chieu,4.95,7.60,Round Flow,cassette,,PDF_TABLE_VISUAL_VERIFICATION,50 / 60Hz,50 / 60Hz,,FCF50CVM,1,0,,o/9.5,50 (Chiều dài tương đương 70),30,cooling_only,FCF50CVM/RZF50DVM,Điều hòa Daikin SkyAir Round Flow FCF50CVM/RZF50DVM,37 / 34.5 / 32 / 29.5 / 27.5,Inverter cao cấp,RZF50DVM,RZF,1,Dàn nóng,24,IMPORT_READY,R32,R32,"noindex,follow",0,SkyAir RZF - Round Flow,FCF50CVM-RZF50DVM,5,55,DAIKIN - CATALOGUE MÁY LẠNH THƯƠNG MẠI 2026 - SKY AIR.pdf,55,108|109,7,TECHNICAL_APPENDIX,F02E3C7B0F993D636630AB4C640D3C7662AA2BF0CC9F5F1957CF460DF7C659DE,2,17100,220-240/220-230,"1 Pha, 220-240 / 220-230V, 50 / 60Hz"
23 / 21 / 18.5 / 16 / 13.5,1,60,6.0,VERIFIED_TECHNICAL_TABLE,-21500,8900,-6.3,2.6,1_chieu,4.35,7.50,Round Flow có Streamer,cassette,,PDF_TABLE_VISUAL_VERIFICATION,50 / 60Hz,50 / 60Hz,,FCTF60AVM,1,0,,o/9.5,50 (Chiều dài tương đương 70),30,cooling_only,FCTF60AVM/RZF60DVM,Điều hòa Daikin SkyAir Round Flow có Streamer FCTF60AVM/RZF60DVM,37 / 34.5 / 32 / 29.5 / 27.5,Inverter cao cấp,RZF60DVM,RZF,1,Dàn nóng,24,IMPORT_READY,R32,R32,"noindex,follow",0,SkyAir RZF - Round Flow có Streamer,FCTF60AVM-RZF60DVM,6,55,DAIKIN - CATALOGUE MÁY LẠNH THƯƠNG MẠI 2026 - SKY AIR.pdf,55,108|109,7,TECHNICAL_APPENDIX,F02E3C7B0F993D636630AB4C640D3C7662AA2BF0CC9F5F1957CF460DF7C659DE,2,20500,220-240/220-230,"1 Pha, 220-240 / 220-230V, 50 / 60Hz"
23 / 21 / 18.5 / 16 / 13.5,1,60,6.0,VERIFIED_TECHNICAL_TABLE,-21500,8900,-6.3,2.6,1_chieu,4.35,7.50,Round Flow,cassette,,PDF_TABLE_VISUAL_VERIFICATION,50 / 60Hz,50 / 60Hz,,FCF60CVM,1,0,,o/9.5,50 (Chiều dài tương đương 70),30,cooling_only,FCF60CVM/RZF60DVM,Điều hòa Daikin SkyAir Round Flow FCF60CVM/RZF60DVM,37 / 34.5 / 32 / 29.5 / 27.5,Inverter cao cấp,RZF60DVM,RZF,1,Dàn nóng,24,IMPORT_READY,R32,R32,"noindex,follow",0,SkyAir RZF - Round Flow,FCF60CVM-RZF60DVM,6,55,DAIKIN - CATALOGUE MÁY LẠNH THƯƠNG MẠI 2026 - SKY AIR.pdf,55,108|109,7,TECHNICAL_APPENDIX,F02E3C7B0F993D636630AB4C640D3C7662AA2BF0CC9F5F1957CF460DF7C659DE,2,20500,220-240/220-230,"1 Pha, 220-240 / 220-230V, 50 / 60Hz"
23 / 21 / 18.5 / 16 / 13.5,1,71,7.1,VERIFIED_TECHNICAL_TABLE,-27300,10900,-8.0,3.2,1_chieu,4.10,7.10,Round Flow có Streamer,cassette,,PDF_TABLE_VISUAL_VERIFICATION,50 / 60Hz,50 / 60Hz,,FCTF71AVM,1,0,,o/9.5,50 (Chiều dài tương đương 70),30,cooling_only,FCTF71AVM/RZF71DVM,Điều hòa Daikin SkyAir Round Flow có Streamer FCTF71AVM/RZF71DVM,37 / 34.5 / 32 / 29.5 / 27.5,Inverter cao cấp,RZF71DVM,RZF,1,Dàn nóng,24,IMPORT_READY,R32,R32,"noindex,follow",0,SkyAir RZF - Round Flow có Streamer,FCTF71AVM-RZF71DVM,7,55,DAIKIN - CATALOGUE MÁY LẠNH THƯƠNG MẠI 2026 - SKY AIR.pdf,55,108|109,7,TECHNICAL_APPENDIX,F02E3C7B0F993D636630AB4C640D3C7662AA2BF0CC9F5F1957CF460DF7C659DE,2,24200,220-240/220-230,"1 Pha, 220-240 / 220-230V, 50 / 60Hz"
23 / 21 / 18.5 / 16 / 13.5,1,71,7.1,VERIFIED_TECHNICAL_TABLE,-27300,10900,-8.0,3.2,1_chieu,4.10,7.10,Round Flow,cassette,,PDF_TABLE_VISUAL_VERIFICATION,50 / 60Hz,50 / 60Hz,,FCF71CVM,1,0,,o/9.5,50 (Chiều dài tương đương 70),30,cooling_only,FCF71CVM/RZF71DVM,Điều hòa Daikin SkyAir Round Flow FCF71CVM/RZF71DVM,37 / 34.5 / 32 / 29.5 / 27.5,Inverter cao cấp,RZF71DVM,RZF,1,Dàn nóng,24,IMPORT_READY,R32,R32,"noindex,follow",0,SkyAir RZF - Round Flow,FCF71CVM-RZF71DVM,7,55,DAIKIN - CATALOGUE MÁY LẠNH THƯƠNG MẠI 2026 - SKY AIR.pdf,55,108|109,7,TECHNICAL_APPENDIX,F02E3C7B0F993D636630AB4C640D3C7662AA2BF0CC9F5F1957CF460DF7C659DE,2,24200,220-240/220-230,"1 Pha, 220-240 / 220-230V, 50 / 60Hz"
34.5 / 31 / 27.5 / 24 / 20,1,100,10.0,VERIFIED_TECHNICAL_TABLE,-38200,17100,-11.2,5.0,1_chieu,3.98,6.60,Round Flow có Streamer,cassette,,PDF_TABLE_VISUAL_VERIFICATION,50 / 60Hz,50 / 60Hz,,FCTF100AVM,1,0,,o/9.5,50 (Chiều dài tương đương 70),30,cooling_only,FCTF100AVM/RZF100DVM,Điều hòa Daikin SkyAir Round Flow có Streamer FCTF100AVM/RZF100DVM,45 / 41.5 / 38 / 35 / 32.5,Inverter cao cấp,RZF100DVM,RZF,1,Dàn nóng,24,IMPORT_READY,R32,R32,"noindex,follow",0,SkyAir RZF - Round Flow có Streamer,FCTF100AVM-RZF100DVM,8,55,DAIKIN - CATALOGUE MÁY LẠNH THƯƠNG MẠI 2026 - SKY AIR.pdf,55,108|109,7,TECHNICAL_APPENDIX,F02E3C7B0F993D636630AB4C640D3C7662AA2BF0CC9F5F1957CF460DF7C659DE,2,34100,220-240/220-230,"1 Pha, 220-240 / 220-230V, 50 / 60Hz"
34.5 / 31 / 27.5 / 24 / 20,1,100,10.0,VERIFIED_TECHNICAL_TABLE,-38200,17100,-11.2,5.0,1_chieu,3.98,6.60,Round Flow,cassette,,PDF_TABLE_VISUAL_VERIFICATION,50 / 60Hz,50 / 60Hz,,FCF100CVM,1,0,,o/9.5,50 (Chiều dài tương đương 70),30,cooling_only,FCF100CVM/RZF100DVM,Điều hòa Daikin SkyAir Round Flow FCF100CVM/RZF100DVM,45 / 41.5 / 38 / 35 / 32.5,Inverter cao cấp,RZF100DVM,RZF,1,Dàn nóng,24,IMPORT_READY,R32,R32,"noindex,follow",0,SkyAir RZF - Round Flow,FCF100CVM-RZF100DVM,8,55,DAIKIN - CATALOGUE MÁY LẠNH THƯƠNG MẠI 2026 - SKY AIR.pdf,55,108|109,7,TECHNICAL_APPENDIX,F02E3C7B0F993D636630AB4C640D3C7662AA2BF0CC9F5F1957CF460DF7C659DE,2,34100,220-240/220-230,"1 Pha, 220-240 / 220-230V, 50 / 60Hz"
36.5 / 33.5 / 30 / 26.5 / 23,1,125,12.5,VERIFIED_TECHNICAL_TABLE,-47800,19500,-14.0,5.7,1_chieu,3.83,6.30,Round Flow có Streamer,cassette,,PDF_TABLE_VISUAL_VERIFICATION,50 / 60Hz,50 / 60Hz,,FCTF125BVM,1,0,,o/9.5,50 (Chiều dài tương đương 70),30,cooling_only,FCTF125BVM/RZF125DVM,Điều hòa Daikin SkyAir Round Flow có Streamer FCTF125BVM/RZF125DVM,46 / 43.5 / 41 / 38.5 / 36,Inverter cao cấp,RZF125DVM,RZF,1,Dàn nóng,24,IMPORT_READY,R32,R32,"noindex,follow",0,SkyAir RZF - Round Flow có Streamer,FCTF125BVM-RZF125DVM,9,55,DAIKIN - CATALOGUE MÁY LẠNH THƯƠNG MẠI 2026 - SKY AIR.pdf,55,108|109,7,TECHNICAL_APPENDIX,F02E3C7B0F993D636630AB4C640D3C7662AA2BF0CC9F5F1957CF460DF7C659DE,2,42700,220-240/220-230,"1 Pha, 220-240 / 220-230V, 50 / 60Hz"
36.5 / 33.5 / 30 / 26.5 / 23,1,125,12.5,VERIFIED_TECHNICAL_TABLE,-47800,19500,-14.0,5.7,1_chieu,3.83,6.30,Round Flow,cassette,,PDF_TABLE_VISUAL_VERIFICATION,50 / 60Hz,50 / 60Hz,,FCF125DVM,1,0,,o/9.5,50 (Chiều dài tương đương 70),30,cooling_only,FCF125DVM/RZF125DVM,Điều hòa Daikin SkyAir Round Flow FCF125DVM/RZF125DVM,46 / 43.5 / 41 / 38.5 / 36,Inverter cao cấp,RZF125DVM,RZF,1,Dàn nóng,24,IMPORT_READY,R32,R32,"noindex,follow",0,SkyAir RZF - Round Flow,FCF125DVM-RZF125DVM,9,55,DAIKIN - CATALOGUE MÁY LẠNH THƯƠNG MẠI 2026 - SKY AIR.pdf,55,108|109,7,TECHNICAL_APPENDIX,F02E3C7B0F993D636630AB4C640D3C7662AA2BF0CC9F5F1957CF460DF7C659DE,2,42700,220-240/220-230,"1 Pha, 220-240 / 220-230V, 50 / 60Hz"
36.5 / 33.5 / 30 / 26.5 / 23,1,140,14.0,VERIFIED_TECHNICAL_TABLE,-52900,21200,-15.5,6.2,1_chieu,3.44,5.70,Round Flow có Streamer,cassette,,PDF_TABLE_VISUAL_VERIFICATION,50 / 60Hz,50 / 60Hz,,FCTF140BVM,1,0,,o/9.5,50 (Chiều dài tương đương 70),30,cooling_only,FCTF140BVM/RZF140DVM,Điều hòa Daikin SkyAir Round Flow có Streamer FCTF140BVM/RZF140DVM,46 / 43.5 / 41 / 38.5 / 36,Inverter cao cấp,RZF140DVM,RZF,1,Dàn nóng,24,IMPORT_READY,R32,R32,"noindex,follow",0,SkyAir RZF - Round Flow có Streamer,FCTF140BVM-RZF140DVM,10,55,DAIKIN - CATALOGUE MÁY LẠNH THƯƠNG MẠI 2026 - SKY AIR.pdf,55,108|109,7,TECHNICAL_APPENDIX,F02E3C7B0F993D636630AB4C640D3C7662AA2BF0CC9F5F1957CF460DF7C659DE,2,47800,220-240/220-230,"1 Pha, 220-240 / 220-230V, 50 / 60Hz"
36.5 / 33.5 / 30 / 26.5 / 23,1,140,14.0,VERIFIED_TECHNICAL_TABLE,-52900,21200,-15.5,6.2,1_chieu,3.44,5.70,Round Flow,cassette,,PDF_TABLE_VISUAL_VERIFICATION,50 / 60Hz,50 / 60Hz,,FCF140DVM,1,0,,o/9.5,50 (Chiều dài tương đương 70),30,cooling_only,FCF140DVM/RZF140DVM,Điều hòa Daikin SkyAir Round Flow FCF140DVM/RZF140DVM,46 / 43.5 / 41 / 38.5 / 36,Inverter cao cấp,RZF140DVM,RZF,1,Dàn nóng,24,IMPORT_READY,R32,R32,"noindex,follow",0,SkyAir RZF - Round Flow,FCF140DVM-RZF140DVM,10,55,DAIKIN - CATALOGUE MÁY LẠNH THƯƠNG MẠI 2026 - SKY AIR.pdf,55,108|109,7,TECHNICAL_APPENDIX,F02E3C7B0F993D636630AB4C640D3C7662AA2BF0CC9F5F1957CF460DF7C659DE,2,47800,220-240/220-230,"1 Pha, 220-240 / 220-230V, 50 / 60Hz"
34.5 / 31 / 27.5 / 24 / 20,1,100,10.0,VERIFIED_TECHNICAL_TABLE,-38200,17100,-11.2,5.0,1_chieu,3.37,5.50,Round Flow có Streamer,cassette,,PDF_TABLE_VISUAL_VERIFICATION,50 / 60Hz,50 / 60Hz,,FCTF100AVM,1,0,,o/9.5,50 (Chiều dài tương đương 70),30,cooling_only,FCTF100AVM/RZF100CVM,Điều hòa Daikin SkyAir Round Flow có Streamer FCTF100AVM/RZF100CVM,45 / 41.5 / 38 / 35 / 32.5,Inverter cao cấp,RZF100CVM,RZF,1,Dàn nóng,24,IMPORT_READY,R32,R32,"noindex,follow",0,SkyAir RZF - Round Flow có Streamer,FCTF100AVM-RZF100CVM,5,55,DAIKIN - CATALOGUE MÁY LẠNH THƯƠNG MẠI 2026 - SKY AIR.pdf,55,108|109,7,TECHNICAL_APPENDIX,F02E3C7B0F993D636630AB4C640D3C7662AA2BF0CC9F5F1957CF460DF7C659DE,3,34100,220-240/220-230,"1 Pha, 220-240 / 220-230V, 50 / 60Hz"
34.5 / 31 / 27.5 / 24 / 20,1,100,10.0,VERIFIED_TECHNICAL_TABLE,-38200,17100,-11.2,5.0,1_chieu,3.37,5.50,Round Flow,cassette,,PDF_TABLE_VISUAL_VERIFICATION,50 / 60Hz,50 / 60Hz,,FCF100CVM,1,0,,o/9.5,50 (Chiều dài tương đương 70),30,cooling_only,FCF100CVM/RZF100CVM,Điều hòa Daikin SkyAir Round Flow FCF100CVM/RZF100CVM,45 / 41.5 / 38 / 35 / 32.5,Inverter cao cấp,RZF100CVM,RZF,1,Dàn nóng,24,IMPORT_READY,R32,R32,"noindex,follow",0,SkyAir RZF - Round Flow,FCF100CVM-RZF100CVM,5,55,DAIKIN - CATALOGUE MÁY LẠNH THƯƠNG MẠI 2026 - SKY AIR.pdf,55,108|109,7,TECHNICAL_APPENDIX,F02E3C7B0F993D636630AB4C640D3C7662AA2BF0CC9F5F1957CF460DF7C659DE,3,34100,220-240/220-230,"1 Pha, 220-240 / 220-230V, 50 / 60Hz"
36.5 / 33 / 29 / 25 / 21,1,125,12.5,VERIFIED_TECHNICAL_TABLE,-47800,19500,-14.0,5.7,1_chieu,2.99,5.15,Round Flow có Streamer,cassette,,PDF_TABLE_VISUAL_VERIFICATION,50 / 60Hz,50 / 60Hz,,FCTF125AVM,1,0,,o/9.5,50 (Chiều dài tương đương 70),30,cooling_only,FCTF125AVM/RZF125CVM,Điều hòa Daikin SkyAir Round Flow có Streamer FCTF125AVM/RZF125CVM,46 / 43 / 40 / 36 / 32.5,Inverter cao cấp,RZF125CVM,RZF,1,Dàn nóng,24,IMPORT_READY,R32,R32,"noindex,follow",0,SkyAir RZF - Round Flow có Streamer,FCTF125AVM-RZF125CVM,6,55,DAIKIN - CATALOGUE MÁY LẠNH THƯƠNG MẠI 2026 - SKY AIR.pdf,55,108|109,7,TECHNICAL_APPENDIX,F02E3C7B0F993D636630AB4C640D3C7662AA2BF0CC9F5F1957CF460DF7C659DE,3,42700,220-240/220-230,"1 Pha, 220-240 / 220-230V, 50 / 60Hz"
36.5 / 33 / 29 / 25 / 21,1,125,12.5,VERIFIED_TECHNICAL_TABLE,-47800,19500,-14.0,5.7,1_chieu,2.99,5.15,Round Flow,cassette,,PDF_TABLE_VISUAL_VERIFICATION,50 / 60Hz,50 / 60Hz,,FCF125CVM,1,0,,o/9.5,50 (Chiều dài tương đương 70),30,cooling_only,FCF125CVM/RZF125CVM,Điều hòa Daikin SkyAir Round Flow FCF125CVM/RZF125CVM,46 / 43 / 40 / 36 / 32.5,Inverter cao cấp,RZF125CVM,RZF,1,Dàn nóng,24,IMPORT_READY,R32,R32,"noindex,follow",0,SkyAir RZF - Round Flow,FCF125CVM-RZF125CVM,6,55,DAIKIN - CATALOGUE MÁY LẠNH THƯƠNG MẠI 2026 - SKY AIR.pdf,55,108|109,7,TECHNICAL_APPENDIX,F02E3C7B0F993D636630AB4C640D3C7662AA2BF0CC9F5F1957CF460DF7C659DE,3,42700,220-240/220-230,"1 Pha, 220-240 / 220-230V, 50 / 60Hz"
36.5 / 33 / 29 / 25 / 21,1,140,14.0,VERIFIED_TECHNICAL_TABLE,-52900,21200,-15.5,6.2,1_chieu,2.56,5.00,Round Flow có Streamer,cassette,,PDF_TABLE_VISUAL_VERIFICATION,50 / 60Hz,50 / 60Hz,,FCTF140AVM,1,0,,o/9.5,50 (Chiều dài tương đương 70),30,cooling_only,FCTF140AVM/RZF140CVM,Điều hòa Daikin SkyAir Round Flow có Streamer FCTF140AVM/RZF140CVM,46 / 43 / 40 / 36 / 32.5,Inverter cao cấp,RZF140CVM,RZF,1,Dàn nóng,24,IMPORT_READY,R32,R32,"noindex,follow",0,SkyAir RZF - Round Flow có Streamer,FCTF140AVM-RZF140CVM,7,55,DAIKIN - CATALOGUE MÁY LẠNH THƯƠNG MẠI 2026 - SKY AIR.pdf,55,108|109,7,TECHNICAL_APPENDIX,F02E3C7B0F993D636630AB4C640D3C7662AA2BF0CC9F5F1957CF460DF7C659DE,3,47800,220-240/220-230,"1 Pha, 220-240 / 220-230V, 50 / 60Hz"
36.5 / 33 / 29 / 25 / 21,1,140,14.0,VERIFIED_TECHNICAL_TABLE,-52900,21200,-15.5,6.2,1_chieu,2.56,5.00,Round Flow,cassette,,PDF_TABLE_VISUAL_VERIFICATION,50 / 60Hz,50 / 60Hz,,FCF140CVM,1,0,,o/9.5,50 (Chiều dài tương đương 70),30,cooling_only,FCF140CVM/RZF140CVM,Điều hòa Daikin SkyAir Round Flow FCF140CVM/RZF140CVM,46 / 43 / 40 / 36 / 32.5,Inverter cao cấp,RZF140CVM,RZF,1,Dàn nóng,24,IMPORT_READY,R32,R32,"noindex,follow",0,SkyAir RZF - Round Flow,FCF140CVM-RZF140CVM,7,55,DAIKIN - CATALOGUE MÁY LẠNH THƯƠNG MẠI 2026 - SKY AIR.pdf,55,108|109,7,TECHNICAL_APPENDIX,F02E3C7B0F993D636630AB4C640D3C7662AA2BF0CC9F5F1957CF460DF7C659DE,3,47800,220-240/220-230,"1 Pha, 220-240 / 220-230V, 50 / 60Hz"
23 / 21 / 18.5 / 16 / 13.5,1,71,7.1,VERIFIED_TECHNICAL_TABLE,-27300,10900,-8.0,3.2,1_chieu,4.10,7.10,Round Flow có Streamer,cassette,,PDF_TABLE_VISUAL_VERIFICATION,50 / 60Hz,50 / 60Hz,,FCTF71AVM,1,0,,o/9.5,50 (Chiều dài tương đương 70),30,cooling_only,FCTF71AVM/RZF71DYM,Điều hòa Daikin SkyAir Round Flow có Streamer FCTF71AVM/RZF71DYM,37 / 34.5 / 32 / 29.5 / 27.5,Inverter cao cấp,RZF71DYM,RZF,3,Dàn nóng,24,IMPORT_READY,R32,R32,"noindex,follow",0,SkyAir RZF - Round Flow có Streamer,FCTF71AVM-RZF71DYM,5,55,DAIKIN - CATALOGUE MÁY LẠNH THƯƠNG MẠI 2026 - SKY AIR.pdf,55,108|109,7,TECHNICAL_APPENDIX,F02E3C7B0F993D636630AB4C640D3C7662AA2BF0CC9F5F1957CF460DF7C659DE,4,24200,380-415/380,"3 Pha, 380-415 / 380V, 50 / 60Hz"
23 / 21 / 18.5 / 16 / 13.5,1,71,7.1,VERIFIED_TECHNICAL_TABLE,-27300,10900,-8.0,3.2,1_chieu,4.10,7.10,Round Flow,cassette,,PDF_TABLE_VISUAL_VERIFICATION,50 / 60Hz,50 / 60Hz,,FCF71CVM,1,0,,o/9.5,50 (Chiều dài tương đương 70),30,cooling_only,FCF71CVM/RZF71DYM,Điều hòa Daikin SkyAir Round Flow FCF71CVM/RZF71DYM,37 / 34.5 / 32 / 29.5 / 27.5,Inverter cao cấp,RZF71DYM,RZF,3,Dàn nóng,24,IMPORT_READY,R32,R32,"noindex,follow",0,SkyAir RZF - Round Flow,FCF71CVM-RZF71DYM,5,55,DAIKIN - CATALOGUE MÁY LẠNH THƯƠNG MẠI 2026 - SKY AIR.pdf,55,108|109,7,TECHNICAL_APPENDIX,F02E3C7B0F993D636630AB4C640D3C7662AA2BF0CC9F5F1957CF460DF7C659DE,4,24200,380-415/380,"3 Pha, 380-415 / 380V, 50 / 60Hz"
34.5 / 31 / 27.5 / 24 / 20,1,100,10.0,VERIFIED_TECHNICAL_TABLE,-38200,17100,-11.2,5.0,1_chieu,3.98,6.60,Round Flow có Streamer,cassette,,PDF_TABLE_VISUAL_VERIFICATION,50 / 60Hz,50 / 60Hz,,FCTF100AVM,1,0,,o/9.5,50 (Chiều dài tương đương 70),30,cooling_only,FCTF100AVM/RZF100DYM,Điều hòa Daikin SkyAir Round Flow có Streamer FCTF100AVM/RZF100DYM,45 / 41.5 / 38 / 35 / 32.5,Inverter cao cấp,RZF100DYM,RZF,3,Dàn nóng,24,IMPORT_READY,R32,R32,"noindex,follow",0,SkyAir RZF - Round Flow có Streamer,FCTF100AVM-RZF100DYM,6,55,DAIKIN - CATALOGUE MÁY LẠNH THƯƠNG MẠI 2026 - SKY AIR.pdf,55,108|109,7,TECHNICAL_APPENDIX,F02E3C7B0F993D636630AB4C640D3C7662AA2BF0CC9F5F1957CF460DF7C659DE,4,34100,380-415/380,"3 Pha, 380-415 / 380V, 50 / 60Hz"
34.5 / 31 / 27.5 / 24 / 20,1,100,10.0,VERIFIED_TECHNICAL_TABLE,-38200,17100,-11.2,5.0,1_chieu,3.98,6.60,Round Flow,cassette,,PDF_TABLE_VISUAL_VERIFICATION,50 / 60Hz,50 / 60Hz,,FCF100CVM,1,0,,o/9.5,50 (Chiều dài tương đương 70),30,cooling_only,FCF100CVM/RZF100DYM,Điều hòa Daikin SkyAir Round Flow FCF100CVM/RZF100DYM,45 / 41.5 / 38 / 35 / 32.5,Inverter cao cấp,RZF100DYM,RZF,3,Dàn nóng,24,IMPORT_READY,R32,R32,"noindex,follow",0,SkyAir RZF - Round Flow,FCF100CVM-RZF100DYM,6,55,DAIKIN - CATALOGUE MÁY LẠNH THƯƠNG MẠI 2026 - SKY AIR.pdf,55,108|109,7,TECHNICAL_APPENDIX,F02E3C7B0F993D636630AB4C640D3C7662AA2BF0CC9F5F1957CF460DF7C659DE,4,34100,380-415/380,"3 Pha, 380-415 / 380V, 50 / 60Hz"
36.5 / 33.5 / 30 / 26.5 / 23,1,125,12.5,VERIFIED_TECHNICAL_TABLE,-47800,19500,-14.0,5.7,1_chieu,3.83,6.30,Round Flow có Streamer,cassette,,PDF_TABLE_VISUAL_VERIFICATION,50 / 60Hz,50 / 60Hz,,FCTF125BVM,1,0,,o/9.5,50 (Chiều dài tương đương 70),30,cooling_only,FCTF125BVM/RZF125DYM,Điều hòa Daikin SkyAir Round Flow có Streamer FCTF125BVM/RZF125DYM,46 / 43.5 / 41 / 38.5 / 36,Inverter cao cấp,RZF125DYM,RZF,3,Dàn nóng,24,IMPORT_READY,R32,R32,"noindex,follow",0,SkyAir RZF - Round Flow có Streamer,FCTF125BVM-RZF125DYM,7,55,DAIKIN - CATALOGUE MÁY LẠNH THƯƠNG MẠI 2026 - SKY AIR.pdf,55,108|109,7,TECHNICAL_APPENDIX,F02E3C7B0F993D636630AB4C640D3C7662AA2BF0CC9F5F1957CF460DF7C659DE,4,42700,380-415/380,"3 Pha, 380-415 / 380V, 50 / 60Hz"
36.5 / 33.5 / 30 / 26.5 / 23,1,125,12.5,VERIFIED_TECHNICAL_TABLE,-47800,19500,-14.0,5.7,1_chieu,3.83,6.30,Round Flow,cassette,,PDF_TABLE_VISUAL_VERIFICATION,50 / 60Hz,50 / 60Hz,,FCF125DVM,1,0,,o/9.5,50 (Chiều dài tương đương 70),30,cooling_only,FCF125DVM/RZF125DYM,Điều hòa Daikin SkyAir Round Flow FCF125DVM/RZF125DYM,46 / 43.5 / 41 / 38.5 / 36,Inverter cao cấp,RZF125DYM,RZF,3,Dàn nóng,24,IMPORT_READY,R32,R32,"noindex,follow",0,SkyAir RZF - Round Flow,FCF125DVM-RZF125DYM,7,55,DAIKIN - CATALOGUE MÁY LẠNH THƯƠNG MẠI 2026 - SKY AIR.pdf,55,108|109,7,TECHNICAL_APPENDIX,F02E3C7B0F993D636630AB4C640D3C7662AA2BF0CC9F5F1957CF460DF7C659DE,4,42700,380-415/380,"3 Pha, 380-415 / 380V, 50 / 60Hz"
36.5 / 33.5 / 30 / 26.5 / 23,1,140,14.0,VERIFIED_TECHNICAL_TABLE,-52900,21200,-15.5,6.2,1_chieu,3.44,5.70,Round Flow có Streamer,cassette,,PDF_TABLE_VISUAL_VERIFICATION,50 / 60Hz,50 / 60Hz,,FCTF140BVM,1,0,,o/9.5,50 (Chiều dài tương đương 70),30,cooling_only,FCTF140BVM/RZF140DYM,Điều hòa Daikin SkyAir Round Flow có Streamer FCTF140BVM/RZF140DYM,46 / 43.5 / 41 / 38.5 / 36,Inverter cao cấp,RZF140DYM,RZF,3,Dàn nóng,24,IMPORT_READY,R32,R32,"noindex,follow",0,SkyAir RZF - Round Flow có Streamer,FCTF140BVM-RZF140DYM,8,55,DAIKIN - CATALOGUE MÁY LẠNH THƯƠNG MẠI 2026 - SKY AIR.pdf,55,108|109,7,TECHNICAL_APPENDIX,F02E3C7B0F993D636630AB4C640D3C7662AA2BF0CC9F5F1957CF460DF7C659DE,4,47800,380-415/380,"3 Pha, 380-415 / 380V, 50 / 60Hz"
36.5 / 33.5 / 30 / 26.5 / 23,1,140,14.0,VERIFIED_TECHNICAL_TABLE,-52900,21200,-15.5,6.2,1_chieu,3.44,5.70,Round Flow,cassette,,PDF_TABLE_VISUAL_VERIFICATION,50 / 60Hz,50 / 60Hz,,FCF140DVM,1,0,,o/9.5,50 (Chiều dài tương đương 70),30,cooling_only,FCF140DVM/RZF140DYM,Điều hòa Daikin SkyAir Round Flow FCF140DVM/RZF140DYM,46 / 43.5 / 41 / 38.5 / 36,Inverter cao cấp,RZF140DYM,RZF,3,Dàn nóng,24,IMPORT_READY,R32,R32,"noindex,follow",0,SkyAir RZF - Round Flow,FCF140DVM-RZF140DYM,8,55,DAIKIN - CATALOGUE MÁY LẠNH THƯƠNG MẠI 2026 - SKY AIR.pdf,55,108|109,7,TECHNICAL_APPENDIX,F02E3C7B0F993D636630AB4C640D3C7662AA2BF0CC9F5F1957CF460DF7C659DE,4,47800,380-415/380,"3 Pha, 380-415 / 380V, 50 / 60Hz"
34.5 / 31 / 27.5 / 24 / 20,1,100,10.0,VERIFIED_TECHNICAL_TABLE,-38200,17100,-11.2,5.0,1_chieu,3.37,5.50,Round Flow có Streamer,cassette,,PDF_TABLE_VISUAL_VERIFICATION,50 / 60Hz,50 / 60Hz,,FCTF100AVM,1,0,,o/9.5,50 (Chiều dài tương đương 70),30,cooling_only,FCTF100AVM/RZF100CYM,Điều hòa Daikin SkyAir Round Flow có Streamer FCTF100AVM/RZF100CYM,45 / 41.5 / 38 / 35 / 32.5,Inverter cao cấp,RZF100CYM,RZF,3,Dàn nóng,24,IMPORT_READY,R32,R32,"noindex,follow",0,SkyAir RZF - Round Flow có Streamer,FCTF100AVM-RZF100CYM,5,55,DAIKIN - CATALOGUE MÁY LẠNH THƯƠNG MẠI 2026 - SKY AIR.pdf,55,108|109,7,TECHNICAL_APPENDIX,F02E3C7B0F993D636630AB4C640D3C7662AA2BF0CC9F5F1957CF460DF7C659DE,5,34100,380-415/380,"3 Pha, 380-415 / 380V, 50 / 60Hz"
34.5 / 31 / 27.5 / 24 / 20,1,100,10.0,VERIFIED_TECHNICAL_TABLE,-38200,17100,-11.2,5.0,1_chieu,3.37,5.50,Round Flow,cassette,,PDF_TABLE_VISUAL_VERIFICATION,50 / 60Hz,50 / 60Hz,,FCF100CVM,1,0,,o/9.5,50 (Chiều dài tương đương 70),30,cooling_only,FCF100CVM/RZF100CYM,Điều hòa Daikin SkyAir Round Flow FCF100CVM/RZF100CYM,45 / 41.5 / 38 / 35 / 32.5,Inverter cao cấp,RZF100CYM,RZF,3,Dàn nóng,24,IMPORT_READY,R32,R32,"noindex,follow",0,SkyAir RZF - Round Flow,FCF100CVM-RZF100CYM,5,55,DAIKIN - CATALOGUE MÁY LẠNH THƯƠNG MẠI 2026 - SKY AIR.pdf,55,108|109,7,TECHNICAL_APPENDIX,F02E3C7B0F993D636630AB4C640D3C7662AA2BF0CC9F5F1957CF460DF7C659DE,5,34100,380-415/380,"3 Pha, 380-415 / 380V, 50 / 60Hz"
36.5 / 33 / 29 / 25 / 21,1,125,12.5,VERIFIED_TECHNICAL_TABLE,-47800,19500,-14.0,5.7,1_chieu,2.99,5.15,Round Flow có Streamer,cassette,,PDF_TABLE_VISUAL_VERIFICATION,50 / 60Hz,50 / 60Hz,,FCTF125AVM,1,0,,o/9.5,50 (Chiều dài tương đương 70),30,cooling_only,FCTF125AVM/RZF125CYM,Điều hòa Daikin SkyAir Round Flow có Streamer FCTF125AVM/RZF125CYM,46 / 43 / 40 / 36 / 32.5,Inverter cao cấp,RZF125CYM,RZF,3,Dàn nóng,24,IMPORT_READY,R32,R32,"noindex,follow",0,SkyAir RZF - Round Flow có Streamer,FCTF125AVM-RZF125CYM,6,55,DAIKIN - CATALOGUE MÁY LẠNH THƯƠNG MẠI 2026 - SKY AIR.pdf,55,108|109,7,TECHNICAL_APPENDIX,F02E3C7B0F993D636630AB4C640D3C7662AA2BF0CC9F5F1957CF460DF7C659DE,5,42700,380-415/380,"3 Pha, 380-415 / 380V, 50 / 60Hz"
36.5 / 33 / 29 / 25 / 21,1,125,12.5,VERIFIED_TECHNICAL_TABLE,-47800,19500,-14.0,5.7,1_chieu,2.99,5.15,Round Flow,cassette,,PDF_TABLE_VISUAL_VERIFICATION,50 / 60Hz,50 / 60Hz,,FCF125CVM,1,0,,o/9.5,50 (Chiều dài tương đương 70),30,cooling_only,FCF125CVM/RZF125CYM,Điều hòa Daikin SkyAir Round Flow FCF125CVM/RZF125CYM,46 / 43 / 40 / 36 / 32.5,Inverter cao cấp,RZF125CYM,RZF,3,Dàn nóng,24,IMPORT_READY,R32,R32,"noindex,follow",0,SkyAir RZF - Round Flow,FCF125CVM-RZF125CYM,6,55,DAIKIN - CATALOGUE MÁY LẠNH THƯƠNG MẠI 2026 - SKY AIR.pdf,55,108|109,7,TECHNICAL_APPENDIX,F02E3C7B0F993D636630AB4C640D3C7662AA2BF0CC9F5F1957CF460DF7C659DE,5,42700,380-415/380,"3 Pha, 380-415 / 380V, 50 / 60Hz"
36.5 / 33 / 29 / 25 / 21,1,140,14.0,VERIFIED_TECHNICAL_TABLE,-52900,21200,-15.5,6.2,1_chieu,2.56,5.00,Round Flow có Streamer,cassette,,PDF_TABLE_VISUAL_VERIFICATION,50 / 60Hz,50 / 60Hz,,FCTF140AVM,1,0,,o/9.5,50 (Chiều dài tương đương 70),30,cooling_only,FCTF140AVM/RZF140CYM,Điều hòa Daikin SkyAir Round Flow có Streamer FCTF140AVM/RZF140CYM,46 / 43 / 40 / 36 / 32.5,Inverter cao cấp,RZF140CYM,RZF,3,Dàn nóng,24,IMPORT_READY,R32,R32,"noindex,follow",0,SkyAir RZF - Round Flow có Streamer,FCTF140AVM-RZF140CYM,7,55,DAIKIN - CATALOGUE MÁY LẠNH THƯƠNG MẠI 2026 - SKY AIR.pdf,55,108|109,7,TECHNICAL_APPENDIX,F02E3C7B0F993D636630AB4C640D3C7662AA2BF0CC9F5F1957CF460DF7C659DE,5,47800,380-415/380,"3 Pha, 380-415 / 380V, 50 / 60Hz"
36.5 / 33 / 29 / 25 / 21,1,140,14.0,VERIFIED_TECHNICAL_TABLE,-52900,21200,-15.5,6.2,1_chieu,2.56,5.00,Round Flow,cassette,,PDF_TABLE_VISUAL_VERIFICATION,50 / 60Hz,50 / 60Hz,,FCF140CVM,1,0,,o/9.5,50 (Chiều dài tương đương 70),30,cooling_only,FCF140CVM/RZF140CYM,Điều hòa Daikin SkyAir Round Flow FCF140CVM/RZF140CYM,46 / 43 / 40 / 36 / 32.5,Inverter cao cấp,RZF140CYM,RZF,3,Dàn nóng,24,IMPORT_READY,R32,R32,"noindex,follow",0,SkyAir RZF - Round Flow,FCF140CVM-RZF140CYM,7,55,DAIKIN - CATALOGUE MÁY LẠNH THƯƠNG MẠI 2026 - SKY AIR.pdf,55,108|109,7,TECHNICAL_APPENDIX,F02E3C7B0F993D636630AB4C640D3C7662AA2BF0CC9F5F1957CF460DF7C659DE,5,47800,380-415/380,"3 Pha, 380-415 / 380V, 50 / 60Hz"
18 / 15 / 12.5,1,50,5.0,VERIFIED_TECHNICAL_TABLE,-19100,7800,-5.6,2.3,1_chieu,3.97,6.16,Áp suất tĩnh trung bình,ducted,Định mức 50 (50-150),PDF_TABLE_VISUAL_VERIFICATION,50 / 60Hz,50 / 60Hz,,FBA50BVMA9,1,0,,o/9.5,50 (Chiều dài tương đương 70),30,cooling_only,FBA50BVMA9/RZF50DVM,Điều hòa Daikin SkyAir Áp suất tĩnh trung bình FBA50BVMA9/RZF50DVM,35 / 33 / 31,Inverter cao cấp,RZF50DVM,RZF,1,Dàn nóng,27,IMPORT_READY,R32,R32,"noindex,follow",0,SkyAir RZF - Áp suất tĩnh trung bình,FBA50BVMA9-RZF50DVM,6,56,DAIKIN - CATALOGUE MÁY LẠNH THƯƠNG MẠI 2026 - SKY AIR.pdf,56,110|111,7,TECHNICAL_APPENDIX,F02E3C7B0F993D636630AB4C640D3C7662AA2BF0CC9F5F1957CF460DF7C659DE,2,17100,220-240/220-230,"1 Pha, 220-240 / 220-230V, 50 / 60Hz"
18 / 15 / 12.5,1,60,6.0,VERIFIED_TECHNICAL_TABLE,-21500,8900,-6.3,2.6,1_chieu,3.61,5.92,Áp suất tĩnh trung bình,ducted,Định mức 50 (50-150),PDF_TABLE_VISUAL_VERIFICATION,50 / 60Hz,50 / 60Hz,,FBA60BVMA9,1,0,,o/9.5,50 (Chiều dài tương đương 70),30,cooling_only,FBA60BVMA9/RZF60DVM,Điều hòa Daikin SkyAir Áp suất tĩnh trung bình FBA60BVMA9/RZF60DVM,35 / 33 / 31,Inverter cao cấp,RZF60DVM,RZF,1,Dàn nóng,27,IMPORT_READY,R32,R32,"noindex,follow",0,SkyAir RZF - Áp suất tĩnh trung bình,FBA60BVMA9-RZF60DVM,7,56,DAIKIN - CATALOGUE MÁY LẠNH THƯƠNG MẠI 2026 - SKY AIR.pdf,56,110|111,7,TECHNICAL_APPENDIX,F02E3C7B0F993D636630AB4C640D3C7662AA2BF0CC9F5F1957CF460DF7C659DE,2,20500,220-240/220-230,"1 Pha, 220-240 / 220-230V, 50 / 60Hz"
23 / 19.5 / 16,1,71,7.1,VERIFIED_TECHNICAL_TABLE,-27300,10900,-8.0,3.2,1_chieu,3.18,5.48,Áp suất tĩnh trung bình,ducted,Định mức 50 (50-150),PDF_TABLE_VISUAL_VERIFICATION,50 / 60Hz,50 / 60Hz,,FBA71BVMA9,1,0,,o/9.5,50 (Chiều dài tương đương 70),30,cooling_only,FBA71BVMA9/RZF71DVM,Điều hòa Daikin SkyAir Áp suất tĩnh trung bình FBA71BVMA9/RZF71DVM,38 / 35 / 33,Inverter cao cấp,RZF71DVM,RZF,1,Dàn nóng,27,IMPORT_READY,R32,R32,"noindex,follow",0,SkyAir RZF - Áp suất tĩnh trung bình,FBA71BVMA9-RZF71DVM,8,56,DAIKIN - CATALOGUE MÁY LẠNH THƯƠNG MẠI 2026 - SKY AIR.pdf,56,110|111,7,TECHNICAL_APPENDIX,F02E3C7B0F993D636630AB4C640D3C7662AA2BF0CC9F5F1957CF460DF7C659DE,2,24200,220-240/220-230,"1 Pha, 220-240 / 220-230V, 50 / 60Hz"
32 / 27 / 22.5,1,100,10.0,VERIFIED_TECHNICAL_TABLE,-38200,17100,-11.2,5.0,1_chieu,3.18,5.39,Áp suất tĩnh trung bình,ducted,Định mức 50 (50-150),PDF_TABLE_VISUAL_VERIFICATION,50 / 60Hz,50 / 60Hz,,FBA100BVMA9,1,0,,o/9.5,50 (Chiều dài tương đương 70),30,cooling_only,FBA100BVMA9/RZF100DVM,Điều hòa Daikin SkyAir Áp suất tĩnh trung bình FBA100BVMA9/RZF100DVM,38 / 35.5 / 33,Inverter cao cấp,RZF100DVM,RZF,1,Dàn nóng,27,IMPORT_READY,R32,R32,"noindex,follow",0,SkyAir RZF - Áp suất tĩnh trung bình,FBA100BVMA9-RZF100DVM,9,56,DAIKIN - CATALOGUE MÁY LẠNH THƯƠNG MẠI 2026 - SKY AIR.pdf,56,110|111,7,TECHNICAL_APPENDIX,F02E3C7B0F993D636630AB4C640D3C7662AA2BF0CC9F5F1957CF460DF7C659DE,2,34100,220-240/220-230,"1 Pha, 220-240 / 220-230V, 50 / 60Hz"
36 / 30.5 / 25,1,125,12.5,VERIFIED_TECHNICAL_TABLE,-47800,19500,-14.0,5.7,1_chieu,2.88,5.05,Áp suất tĩnh trung bình,ducted,Định mức 50 (50-150),PDF_TABLE_VISUAL_VERIFICATION,50 / 60Hz,50 / 60Hz,,FBA125BVMA9,1,0,,o/9.5,50 (Chiều dài tương đương 70),30,cooling_only,FBA125BVMA9/RZF125DVM,Điều hòa Daikin SkyAir Áp suất tĩnh trung bình FBA125BVMA9/RZF125DVM,40 / 37.5 / 35,Inverter cao cấp,RZF125DVM,RZF,1,Dàn nóng,27,IMPORT_READY,R32,R32,"noindex,follow",0,SkyAir RZF - Áp suất tĩnh trung bình,FBA125BVMA9-RZF125DVM,10,56,DAIKIN - CATALOGUE MÁY LẠNH THƯƠNG MẠI 2026 - SKY AIR.pdf,56,110|111,7,TECHNICAL_APPENDIX,F02E3C7B0F993D636630AB4C640D3C7662AA2BF0CC9F5F1957CF460DF7C659DE,2,42700,220-240/220-230,"1 Pha, 220-240 / 220-230V, 50 / 60Hz"
36 / 30.5 / 25,1,140,14.0,VERIFIED_TECHNICAL_TABLE,-52900,21200,-15.5,6.2,1_chieu,2.44,4.72,Áp suất tĩnh trung bình,ducted,Định mức 50 (50-150),PDF_TABLE_VISUAL_VERIFICATION,50 / 60Hz,50 / 60Hz,,FBA140BVMA9,1,0,,o/9.5,50 (Chiều dài tương đương 70),30,cooling_only,FBA140BVMA9/RZF140DVM,Điều hòa Daikin SkyAir Áp suất tĩnh trung bình FBA140BVMA9/RZF140DVM,40 / 37.5 / 35,Inverter cao cấp,RZF140DVM,RZF,1,Dàn nóng,27,IMPORT_READY,R32,R32,"noindex,follow",0,SkyAir RZF - Áp suất tĩnh trung bình,FBA140BVMA9-RZF140DVM,11,56,DAIKIN - CATALOGUE MÁY LẠNH THƯƠNG MẠI 2026 - SKY AIR.pdf,56,110|111,7,TECHNICAL_APPENDIX,F02E3C7B0F993D636630AB4C640D3C7662AA2BF0CC9F5F1957CF460DF7C659DE,2,47800,220-240/220-230,"1 Pha, 220-240 / 220-230V, 50 / 60Hz"
32 / 27 / 22.5,1,100,10.0,VERIFIED_TECHNICAL_TABLE,-38200,17100,-11.2,5.0,1_chieu,3.32,4.88,Áp suất tĩnh trung bình,ducted,Định mức 50 (50-150),PDF_TABLE_VISUAL_VERIFICATION,50 / 60Hz,50 / 60Hz,,FBA100BVMA9,1,0,,o/9.5,50 (Chiều dài tương đương 70),30,cooling_only,FBA100BVMA9/RZF100CVM,Điều hòa Daikin SkyAir Áp suất tĩnh trung bình FBA100BVMA9/RZF100CVM,38 / 35.5 / 33,Inverter cao cấp,RZF100CVM,RZF,1,Dàn nóng,27,IMPORT_READY,R32,R32,"noindex,follow",0,SkyAir RZF - Áp suất tĩnh trung bình,FBA100BVMA9-RZF100CVM,6,56,DAIKIN - CATALOGUE MÁY LẠNH THƯƠNG MẠI 2026 - SKY AIR.pdf,56,110|111,7,TECHNICAL_APPENDIX,F02E3C7B0F993D636630AB4C640D3C7662AA2BF0CC9F5F1957CF460DF7C659DE,3,34100,220-240/220-230,"1 Pha, 220-240 / 220-230V, 50 / 60Hz"
36 / 30.5 / 25,1,125,12.5,VERIFIED_TECHNICAL_TABLE,-47800,19500,-14.0,5.7,1_chieu,2.82,4.70,Áp suất tĩnh trung bình,ducted,Định mức 50 (50-150),PDF_TABLE_VISUAL_VERIFICATION,50 / 60Hz,50 / 60Hz,,FBA125BVMA9,1,0,,o/9.5,50 (Chiều dài tương đương 70),30,cooling_only,FBA125BVMA9/RZF125CVM,Điều hòa Daikin SkyAir Áp suất tĩnh trung bình FBA125BVMA9/RZF125CVM,40 / 37.5 / 35,Inverter cao cấp,RZF125CVM,RZF,1,Dàn nóng,27,IMPORT_READY,R32,R32,"noindex,follow",0,SkyAir RZF - Áp suất tĩnh trung bình,FBA125BVMA9-RZF125CVM,7,56,DAIKIN - CATALOGUE MÁY LẠNH THƯƠNG MẠI 2026 - SKY AIR.pdf,56,110|111,7,TECHNICAL_APPENDIX,F02E3C7B0F993D636630AB4C640D3C7662AA2BF0CC9F5F1957CF460DF7C659DE,3,42700,220-240/220-230,"1 Pha, 220-240 / 220-230V, 50 / 60Hz"
36 / 30.5 / 25,1,140,14.0,VERIFIED_TECHNICAL_TABLE,-52900,21200,-15.5,6.2,1_chieu,2.46,4.47,Áp suất tĩnh trung bình,ducted,Định mức 50 (50-150),PDF_TABLE_VISUAL_VERIFICATION,50 / 60Hz,50 / 60Hz,,FBA140BVMA9,1,0,,o/9.5,50 (Chiều dài tương đương 70),30,cooling_only,FBA140BVMA9/RZF140CVM,Điều hòa Daikin SkyAir Áp suất tĩnh trung bình FBA140BVMA9/RZF140CVM,40 / 37.5 / 35,Inverter cao cấp,RZF140CVM,RZF,1,Dàn nóng,27,IMPORT_READY,R32,R32,"noindex,follow",0,SkyAir RZF - Áp suất tĩnh trung bình,FBA140BVMA9-RZF140CVM,8,56,DAIKIN - CATALOGUE MÁY LẠNH THƯƠNG MẠI 2026 - SKY AIR.pdf,56,110|111,7,TECHNICAL_APPENDIX,F02E3C7B0F993D636630AB4C640D3C7662AA2BF0CC9F5F1957CF460DF7C659DE,3,47800,220-240/220-230,"1 Pha, 220-240 / 220-230V, 50 / 60Hz"
23 / 19.5 / 16,1,71,7.1,VERIFIED_TECHNICAL_TABLE,-27300,10900,-8.0,3.2,1_chieu,3.18,5.48,Áp suất tĩnh trung bình,ducted,Định mức 50 (50-150),PDF_TABLE_VISUAL_VERIFICATION,50 / 60Hz,50 / 60Hz,,FBA71BVMA9,1,0,,o/9.5,50 (Chiều dài tương đương 70),30,cooling_only,FBA71BVMA9/RZF71DYM,Điều hòa Daikin SkyAir Áp suất tĩnh trung bình FBA71BVMA9/RZF71DYM,38 / 35 / 33,Inverter cao cấp,RZF71DYM,RZF,3,Dàn nóng,27,IMPORT_READY,R32,R32,"noindex,follow",0,SkyAir RZF - Áp suất tĩnh trung bình,FBA71BVMA9-RZF71DYM,6,56,DAIKIN - CATALOGUE MÁY LẠNH THƯƠNG MẠI 2026 - SKY AIR.pdf,56,110|111,7,TECHNICAL_APPENDIX,F02E3C7B0F993D636630AB4C640D3C7662AA2BF0CC9F5F1957CF460DF7C659DE,4,24200,380-415/380,"3 Pha, 380-415 / 380V, 50 / 60Hz"
32 / 27 / 22.5,1,100,10.0,VERIFIED_TECHNICAL_TABLE,-38200,17100,-11.2,5.0,1_chieu,3.18,5.39,Áp suất tĩnh trung bình,ducted,Định mức 50 (50-150),PDF_TABLE_VISUAL_VERIFICATION,50 / 60Hz,50 / 60Hz,,FBA100BVMA9,1,0,,o/9.5,50 (Chiều dài tương đương 70),30,cooling_only,FBA100BVMA9/RZF100DYM,Điều hòa Daikin SkyAir Áp suất tĩnh trung bình FBA100BVMA9/RZF100DYM,38 / 35.5 / 33,Inverter cao cấp,RZF100DYM,RZF,3,Dàn nóng,27,IMPORT_READY,R32,R32,"noindex,follow",0,SkyAir RZF - Áp suất tĩnh trung bình,FBA100BVMA9-RZF100DYM,7,56,DAIKIN - CATALOGUE MÁY LẠNH THƯƠNG MẠI 2026 - SKY AIR.pdf,56,110|111,7,TECHNICAL_APPENDIX,F02E3C7B0F993D636630AB4C640D3C7662AA2BF0CC9F5F1957CF460DF7C659DE,4,34100,380-415/380,"3 Pha, 380-415 / 380V, 50 / 60Hz"
36 / 30.5 / 25,1,125,12.5,VERIFIED_TECHNICAL_TABLE,-47800,19500,-14.0,5.7,1_chieu,2.88,5.05,Áp suất tĩnh trung bình,ducted,Định mức 50 (50-150),PDF_TABLE_VISUAL_VERIFICATION,50 / 60Hz,50 / 60Hz,,FBA125BVMA9,1,0,,o/9.5,50 (Chiều dài tương đương 70),30,cooling_only,FBA125BVMA9/RZF125DYM,Điều hòa Daikin SkyAir Áp suất tĩnh trung bình FBA125BVMA9/RZF125DYM,40 / 37.5 / 35,Inverter cao cấp,RZF125DYM,RZF,3,Dàn nóng,27,IMPORT_READY,R32,R32,"noindex,follow",0,SkyAir RZF - Áp suất tĩnh trung bình,FBA125BVMA9-RZF125DYM,8,56,DAIKIN - CATALOGUE MÁY LẠNH THƯƠNG MẠI 2026 - SKY AIR.pdf,56,110|111,7,TECHNICAL_APPENDIX,F02E3C7B0F993D636630AB4C640D3C7662AA2BF0CC9F5F1957CF460DF7C659DE,4,42700,380-415/380,"3 Pha, 380-415 / 380V, 50 / 60Hz"
36 / 30.5 / 25,1,140,14.0,VERIFIED_TECHNICAL_TABLE,-52900,21200,-15.5,6.2,1_chieu,2.44,4.72,Áp suất tĩnh trung bình,ducted,Định mức 50 (50-150),PDF_TABLE_VISUAL_VERIFICATION,50 / 60Hz,50 / 60Hz,,FBA140BVMA9,1,0,,o/9.5,50 (Chiều dài tương đương 70),30,cooling_only,FBA140BVMA9/RZF140DYM,Điều hòa Daikin SkyAir Áp suất tĩnh trung bình FBA140BVMA9/RZF140DYM,40 / 37.5 / 35,Inverter cao cấp,RZF140DYM,RZF,3,Dàn nóng,27,IMPORT_READY,R32,R32,"noindex,follow",0,SkyAir RZF - Áp suất tĩnh trung bình,FBA140BVMA9-RZF140DYM,9,56,DAIKIN - CATALOGUE MÁY LẠNH THƯƠNG MẠI 2026 - SKY AIR.pdf,56,110|111,7,TECHNICAL_APPENDIX,F02E3C7B0F993D636630AB4C640D3C7662AA2BF0CC9F5F1957CF460DF7C659DE,4,47800,380-415/380,"3 Pha, 380-415 / 380V, 50 / 60Hz"
32 / 27 / 22.5,1,100,10.0,VERIFIED_TECHNICAL_TABLE,-38200,17100,-11.2,5.0,1_chieu,3.32,4.88,Áp suất tĩnh trung bình,ducted,Định mức 50 (50-150),PDF_TABLE_VISUAL_VERIFICATION,50 / 60Hz,50 / 60Hz,,FBA100BVMA9,1,0,,o/9.5,50 (Chiều dài tương đương 70),30,cooling_only,FBA100BVMA9/RZF100CYM,Điều hòa Daikin SkyAir Áp suất tĩnh trung bình FBA100BVMA9/RZF100CYM,38 / 35.5 / 33,Inverter cao cấp,RZF100CYM,RZF,3,Dàn nóng,27,IMPORT_READY,R32,R32,"noindex,follow",0,SkyAir RZF - Áp suất tĩnh trung bình,FBA100BVMA9-RZF100CYM,6,56,DAIKIN - CATALOGUE MÁY LẠNH THƯƠNG MẠI 2026 - SKY AIR.pdf,56,110|111,7,TECHNICAL_APPENDIX,F02E3C7B0F993D636630AB4C640D3C7662AA2BF0CC9F5F1957CF460DF7C659DE,5,34100,380-415/380,"3 Pha, 380-415 / 380V, 50 / 60Hz"
36 / 30.5 / 25,1,125,12.5,VERIFIED_TECHNICAL_TABLE,-47800,19500,-14.0,5.7,1_chieu,2.82,4.70,Áp suất tĩnh trung bình,ducted,Định mức 50 (50-150),PDF_TABLE_VISUAL_VERIFICATION,50 / 60Hz,50 / 60Hz,,FBA125BVMA9,1,0,,o/9.5,50 (Chiều dài tương đương 70),30,cooling_only,FBA125BVMA9/RZF125CYM,Điều hòa Daikin SkyAir Áp suất tĩnh trung bình FBA125BVMA9/RZF125CYM,40 / 37.5 / 35,Inverter cao cấp,RZF125CYM,RZF,3,Dàn nóng,27,IMPORT_READY,R32,R32,"noindex,follow",0,SkyAir RZF - Áp suất tĩnh trung bình,FBA125BVMA9-RZF125CYM,7,56,DAIKIN - CATALOGUE MÁY LẠNH THƯƠNG MẠI 2026 - SKY AIR.pdf,56,110|111,7,TECHNICAL_APPENDIX,F02E3C7B0F993D636630AB4C640D3C7662AA2BF0CC9F5F1957CF460DF7C659DE,5,42700,380-415/380,"3 Pha, 380-415 / 380V, 50 / 60Hz"
36 / 30.5 / 25,1,140,14.0,VERIFIED_TECHNICAL_TABLE,-52900,21200,-15.5,6.2,1_chieu,2.46,4.47,Áp suất tĩnh trung bình,ducted,Định mức 50 (50-150),PDF_TABLE_VISUAL_VERIFICATION,50 / 60Hz,50 / 60Hz,,FBA140BVMA9,1,0,,o/9.5,50 (Chiều dài tương đương 70),30,cooling_only,FBA140BVMA9/RZF140CYM,Điều hòa Daikin SkyAir Áp suất tĩnh trung bình FBA140BVMA9/RZF140CYM,40 / 37.5 / 35,Inverter cao cấp,RZF140CYM,RZF,3,Dàn nóng,27,IMPORT_READY,R32,R32,"noindex,follow",0,SkyAir RZF - Áp suất tĩnh trung bình,FBA140BVMA9-RZF140CYM,8,56,DAIKIN - CATALOGUE MÁY LẠNH THƯƠNG MẠI 2026 - SKY AIR.pdf,56,110|111,7,TECHNICAL_APPENDIX,F02E3C7B0F993D636630AB4C640D3C7662AA2BF0CC9F5F1957CF460DF7C659DE,5,47800,380-415/380,"3 Pha, 380-415 / 380V, 50 / 60Hz"
18 / 16 / 14,1,50,5.0,VERIFIED_TECHNICAL_TABLE,-19100,7800,-5.6,2.3,1_chieu,4.10,6.05,Tủ đứng đặt sàn,floor_standing,,PDF_TABLE_VISUAL_VERIFICATION,50 / 60Hz,50 / 60Hz,,FVA50AMVM,1,0,,o/9.5,50 (Chiều dài tương đương 70),30,cooling_only,FVA50AMVM/RZF50DVM,Điều hòa Daikin SkyAir Tủ đứng đặt sàn FVA50AMVM/RZF50DVM,43 / 41 / 38,Inverter cao cấp,RZF50DVM,RZF,1,Dàn nóng,25,IMPORT_READY,R32,R32,"noindex,follow",0,SkyAir RZF - Tủ đứng đặt sàn,FVA50AMVM-RZF50DVM,5,57,DAIKIN - CATALOGUE MÁY LẠNH THƯƠNG MẠI 2026 - SKY AIR.pdf,57,112|113,6,TECHNICAL_APPENDIX,F02E3C7B0F993D636630AB4C640D3C7662AA2BF0CC9F5F1957CF460DF7C659DE,2,17100,220-240/220-230,"1 Pha, 220-240 / 220-230V, 50 / 60Hz"
18 / 16 / 14,1,60,6.0,VERIFIED_TECHNICAL_TABLE,-21500,8900,-6.3,2.6,1_chieu,3.53,5.58,Tủ đứng đặt sàn,floor_standing,,PDF_TABLE_VISUAL_VERIFICATION,50 / 60Hz,50 / 60Hz,,FVA60AMVM,1,0,,o/9.5,50 (Chiều dài tương đương 70),30,cooling_only,FVA60AMVM/RZF60DVM,Điều hòa Daikin SkyAir Tủ đứng đặt sàn FVA60AMVM/RZF60DVM,43 / 41 / 38,Inverter cao cấp,RZF60DVM,RZF,1,Dàn nóng,25,IMPORT_READY,R32,R32,"noindex,follow",0,SkyAir RZF - Tủ đứng đặt sàn,FVA60AMVM-RZF60DVM,6,57,DAIKIN - CATALOGUE MÁY LẠNH THƯƠNG MẠI 2026 - SKY AIR.pdf,57,112|113,6,TECHNICAL_APPENDIX,F02E3C7B0F993D636630AB4C640D3C7662AA2BF0CC9F5F1957CF460DF7C659DE,2,20500,220-240/220-230,"1 Pha, 220-240 / 220-230V, 50 / 60Hz"
18 / 16 / 14,1,71,7.1,VERIFIED_TECHNICAL_TABLE,-27300,10900,-8.0,3.2,1_chieu,3.05,5.16,Tủ đứng đặt sàn,floor_standing,,PDF_TABLE_VISUAL_VERIFICATION,50 / 60Hz,50 / 60Hz,,FVA71AMVM,1,0,,o/9.5,50 (Chiều dài tương đương 70),30,cooling_only,FVA71AMVM/RZF71DVM,Điều hòa Daikin SkyAir Tủ đứng đặt sàn FVA71AMVM/RZF71DVM,43 / 41 / 38,Inverter cao cấp,RZF71DVM,RZF,1,Dàn nóng,25,IMPORT_READY,R32,R32,"noindex,follow",0,SkyAir RZF - Tủ đứng đặt sàn,FVA71AMVM-RZF71DVM,7,57,DAIKIN - CATALOGUE MÁY LẠNH THƯƠNG MẠI 2026 - SKY AIR.pdf,57,112|113,6,TECHNICAL_APPENDIX,F02E3C7B0F993D636630AB4C640D3C7662AA2BF0CC9F5F1957CF460DF7C659DE,2,24200,220-240/220-230,"1 Pha, 220-240 / 220-230V, 50 / 60Hz"
28 / 25 / 22,1,100,10.0,VERIFIED_TECHNICAL_TABLE,-38200,17100,-11.2,5.0,1_chieu,3.03,4.82,Tủ đứng đặt sàn,floor_standing,,PDF_TABLE_VISUAL_VERIFICATION,50 / 60Hz,50 / 60Hz,,FVA100AMVM,1,0,,o/9.5,50 (Chiều dài tương đương 70),30,cooling_only,FVA100AMVM/RZF100DVM,Điều hòa Daikin SkyAir Tủ đứng đặt sàn FVA100AMVM/RZF100DVM,50 / 47 / 44,Inverter cao cấp,RZF100DVM,RZF,1,Dàn nóng,25,IMPORT_READY,R32,R32,"noindex,follow",0,SkyAir RZF - Tủ đứng đặt sàn,FVA100AMVM-RZF100DVM,8,57,DAIKIN - CATALOGUE MÁY LẠNH THƯƠNG MẠI 2026 - SKY AIR.pdf,57,112|113,6,TECHNICAL_APPENDIX,F02E3C7B0F993D636630AB4C640D3C7662AA2BF0CC9F5F1957CF460DF7C659DE,2,34100,220-240/220-230,"1 Pha, 220-240 / 220-230V, 50 / 60Hz"
28 / 26 / 24,1,125,12.5,VERIFIED_TECHNICAL_TABLE,-47800,19500,-14.0,5.7,1_chieu,3.13,5.19,Tủ đứng đặt sàn,floor_standing,,PDF_TABLE_VISUAL_VERIFICATION,50 / 60Hz,50 / 60Hz,,FVA125AMVM,1,0,,o/9.5,50 (Chiều dài tương đương 70),30,cooling_only,FVA125AMVM/RZF125DVM,Điều hòa Daikin SkyAir Tủ đứng đặt sàn FVA125AMVM/RZF125DVM,51 / 48 / 46,Inverter cao cấp,RZF125DVM,RZF,1,Dàn nóng,25,IMPORT_READY,R32,R32,"noindex,follow",0,SkyAir RZF - Tủ đứng đặt sàn,FVA125AMVM-RZF125DVM,9,57,DAIKIN - CATALOGUE MÁY LẠNH THƯƠNG MẠI 2026 - SKY AIR.pdf,57,112|113,6,TECHNICAL_APPENDIX,F02E3C7B0F993D636630AB4C640D3C7662AA2BF0CC9F5F1957CF460DF7C659DE,2,42700,220-240/220-230,"1 Pha, 220-240 / 220-230V, 50 / 60Hz"
30 / 28 / 26,1,140,14.0,VERIFIED_TECHNICAL_TABLE,-52900,21200,-15.5,6.2,1_chieu,2.75,4.75,Tủ đứng đặt sàn,floor_standing,,PDF_TABLE_VISUAL_VERIFICATION,50 / 60Hz,50 / 60Hz,,FVA140AMVM,1,0,,o/9.5,50 (Chiều dài tương đương 70),30,cooling_only,FVA140AMVM/RZF140DVM,Điều hòa Daikin SkyAir Tủ đứng đặt sàn FVA140AMVM/RZF140DVM,53 / 51 / 48,Inverter cao cấp,RZF140DVM,RZF,1,Dàn nóng,25,IMPORT_READY,R32,R32,"noindex,follow",0,SkyAir RZF - Tủ đứng đặt sàn,FVA140AMVM-RZF140DVM,10,57,DAIKIN - CATALOGUE MÁY LẠNH THƯƠNG MẠI 2026 - SKY AIR.pdf,57,112|113,6,TECHNICAL_APPENDIX,F02E3C7B0F993D636630AB4C640D3C7662AA2BF0CC9F5F1957CF460DF7C659DE,2,47800,220-240/220-230,"1 Pha, 220-240 / 220-230V, 50 / 60Hz"
28 / 25 / 22,1,100,10.0,VERIFIED_TECHNICAL_TABLE,-38200,17100,-11.2,5.0,1_chieu,2.87,4.19,Tủ đứng đặt sàn,floor_standing,,PDF_TABLE_VISUAL_VERIFICATION,50 / 60Hz,50 / 60Hz,,FVA100AMVM,1,0,,o/9.5,50 (Chiều dài tương đương 70),30,cooling_only,FVA100AMVM/RZF100CVM,Điều hòa Daikin SkyAir Tủ đứng đặt sàn FVA100AMVM/RZF100CVM,50 / 47 / 44,Inverter cao cấp,RZF100CVM,RZF,1,Dàn nóng,25,IMPORT_READY,R32,R32,"noindex,follow",0,SkyAir RZF - Tủ đứng đặt sàn,FVA100AMVM-RZF100CVM,5,57,DAIKIN - CATALOGUE MÁY LẠNH THƯƠNG MẠI 2026 - SKY AIR.pdf,57,112|113,6,TECHNICAL_APPENDIX,F02E3C7B0F993D636630AB4C640D3C7662AA2BF0CC9F5F1957CF460DF7C659DE,3,34100,220-240/220-230,"1 Pha, 220-240 / 220-230V, 50 / 60Hz"
28 / 26 / 24,1,125,12.5,VERIFIED_TECHNICAL_TABLE,-47800,19500,-14.0,5.7,1_chieu,2.79,4.67,Tủ đứng đặt sàn,floor_standing,,PDF_TABLE_VISUAL_VERIFICATION,50 / 60Hz,50 / 60Hz,,FVA125AMVM,1,0,,o/9.5,50 (Chiều dài tương đương 70),30,cooling_only,FVA125AMVM/RZF125CVM,Điều hòa Daikin SkyAir Tủ đứng đặt sàn FVA125AMVM/RZF125CVM,51 / 48 / 46,Inverter cao cấp,RZF125CVM,RZF,1,Dàn nóng,25,IMPORT_READY,R32,R32,"noindex,follow",0,SkyAir RZF - Tủ đứng đặt sàn,FVA125AMVM-RZF125CVM,6,57,DAIKIN - CATALOGUE MÁY LẠNH THƯƠNG MẠI 2026 - SKY AIR.pdf,57,112|113,6,TECHNICAL_APPENDIX,F02E3C7B0F993D636630AB4C640D3C7662AA2BF0CC9F5F1957CF460DF7C659DE,3,42700,220-240/220-230,"1 Pha, 220-240 / 220-230V, 50 / 60Hz"
30 / 28 / 26,1,140,14.0,VERIFIED_TECHNICAL_TABLE,-52900,21200,-15.5,6.2,1_chieu,2.45,4.18,Tủ đứng đặt sàn,floor_standing,,PDF_TABLE_VISUAL_VERIFICATION,50 / 60Hz,50 / 60Hz,,FVA140AMVM,1,0,,o/9.5,50 (Chiều dài tương đương 70),30,cooling_only,FVA140AMVM/RZF140CVM,Điều hòa Daikin SkyAir Tủ đứng đặt sàn FVA140AMVM/RZF140CVM,53 / 51 / 48,Inverter cao cấp,RZF140CVM,RZF,1,Dàn nóng,25,IMPORT_READY,R32,R32,"noindex,follow",0,SkyAir RZF - Tủ đứng đặt sàn,FVA140AMVM-RZF140CVM,7,57,DAIKIN - CATALOGUE MÁY LẠNH THƯƠNG MẠI 2026 - SKY AIR.pdf,57,112|113,6,TECHNICAL_APPENDIX,F02E3C7B0F993D636630AB4C640D3C7662AA2BF0CC9F5F1957CF460DF7C659DE,3,47800,220-240/220-230,"1 Pha, 220-240 / 220-230V, 50 / 60Hz"
18 / 16 / 14,1,71,7.1,VERIFIED_TECHNICAL_TABLE,-27300,10900,-8.0,3.2,1_chieu,3.05,5.16,Tủ đứng đặt sàn,floor_standing,,PDF_TABLE_VISUAL_VERIFICATION,50 / 60Hz,50 / 60Hz,,FVA71AMVM,1,0,,o/9.5,50 (Chiều dài tương đương 70),30,cooling_only,FVA71AMVM/RZF71DYM,Điều hòa Daikin SkyAir Tủ đứng đặt sàn FVA71AMVM/RZF71DYM,43 / 41 / 38,Inverter cao cấp,RZF71DYM,RZF,3,Dàn nóng,25,IMPORT_READY,R32,R32,"noindex,follow",0,SkyAir RZF - Tủ đứng đặt sàn,FVA71AMVM-RZF71DYM,5,57,DAIKIN - CATALOGUE MÁY LẠNH THƯƠNG MẠI 2026 - SKY AIR.pdf,57,112|113,6,TECHNICAL_APPENDIX,F02E3C7B0F993D636630AB4C640D3C7662AA2BF0CC9F5F1957CF460DF7C659DE,4,24200,380-415/380,"3 Pha, 380-415 / 380V, 50 / 60Hz"
28 / 25 / 22,1,100,10.0,VERIFIED_TECHNICAL_TABLE,-38200,17100,-11.2,5.0,1_chieu,3.03,4.82,Tủ đứng đặt sàn,floor_standing,,PDF_TABLE_VISUAL_VERIFICATION,50 / 60Hz,50 / 60Hz,,FVA100AMVM,1,0,,o/9.5,50 (Chiều dài tương đương 70),30,cooling_only,FVA100AMVM/RZF100DYM,Điều hòa Daikin SkyAir Tủ đứng đặt sàn FVA100AMVM/RZF100DYM,50 / 47 / 44,Inverter cao cấp,RZF100DYM,RZF,3,Dàn nóng,25,IMPORT_READY,R32,R32,"noindex,follow",0,SkyAir RZF - Tủ đứng đặt sàn,FVA100AMVM-RZF100DYM,6,57,DAIKIN - CATALOGUE MÁY LẠNH THƯƠNG MẠI 2026 - SKY AIR.pdf,57,112|113,6,TECHNICAL_APPENDIX,F02E3C7B0F993D636630AB4C640D3C7662AA2BF0CC9F5F1957CF460DF7C659DE,4,34100,380-415/380,"3 Pha, 380-415 / 380V, 50 / 60Hz"
28 / 26 / 24,1,125,12.5,VERIFIED_TECHNICAL_TABLE,-47800,19500,-14.0,5.7,1_chieu,3.13,5.19,Tủ đứng đặt sàn,floor_standing,,PDF_TABLE_VISUAL_VERIFICATION,50 / 60Hz,50 / 60Hz,,FVA125AMVM,1,0,,o/9.5,50 (Chiều dài tương đương 70),30,cooling_only,FVA125AMVM/RZF125DYM,Điều hòa Daikin SkyAir Tủ đứng đặt sàn FVA125AMVM/RZF125DYM,51 / 48 / 46,Inverter cao cấp,RZF125DYM,RZF,3,Dàn nóng,25,IMPORT_READY,R32,R32,"noindex,follow",0,SkyAir RZF - Tủ đứng đặt sàn,FVA125AMVM-RZF125DYM,7,57,DAIKIN - CATALOGUE MÁY LẠNH THƯƠNG MẠI 2026 - SKY AIR.pdf,57,112|113,6,TECHNICAL_APPENDIX,F02E3C7B0F993D636630AB4C640D3C7662AA2BF0CC9F5F1957CF460DF7C659DE,4,42700,380-415/380,"3 Pha, 380-415 / 380V, 50 / 60Hz"
30 / 28 / 26,1,140,14.0,VERIFIED_TECHNICAL_TABLE,-52900,21200,-15.5,6.2,1_chieu,2.75,4.75,Tủ đứng đặt sàn,floor_standing,,PDF_TABLE_VISUAL_VERIFICATION,50 / 60Hz,50 / 60Hz,,FVA140AMVM,1,0,,o/9.5,50 (Chiều dài tương đương 70),30,cooling_only,FVA140AMVM/RZF140DYM,Điều hòa Daikin SkyAir Tủ đứng đặt sàn FVA140AMVM/RZF140DYM,53 / 51 / 48,Inverter cao cấp,RZF140DYM,RZF,3,Dàn nóng,25,IMPORT_READY,R32,R32,"noindex,follow",0,SkyAir RZF - Tủ đứng đặt sàn,FVA140AMVM-RZF140DYM,8,57,DAIKIN - CATALOGUE MÁY LẠNH THƯƠNG MẠI 2026 - SKY AIR.pdf,57,112|113,6,TECHNICAL_APPENDIX,F02E3C7B0F993D636630AB4C640D3C7662AA2BF0CC9F5F1957CF460DF7C659DE,4,47800,380-415/380,"3 Pha, 380-415 / 380V, 50 / 60Hz"
28 / 25 / 22,1,100,10.0,VERIFIED_TECHNICAL_TABLE,-38200,17100,-11.2,5.0,1_chieu,2.87,4.19,Tủ đứng đặt sàn,floor_standing,,PDF_TABLE_VISUAL_VERIFICATION,50 / 60Hz,50 / 60Hz,,FVA100AMVM,1,0,,o/9.5,50 (Chiều dài tương đương 70),30,cooling_only,FVA100AMVM/RZF100CYM,Điều hòa Daikin SkyAir Tủ đứng đặt sàn FVA100AMVM/RZF100CYM,50 / 47 / 44,Inverter cao cấp,RZF100CYM,RZF,3,Dàn nóng,25,IMPORT_READY,R32,R32,"noindex,follow",0,SkyAir RZF - Tủ đứng đặt sàn,FVA100AMVM-RZF100CYM,5,57,DAIKIN - CATALOGUE MÁY LẠNH THƯƠNG MẠI 2026 - SKY AIR.pdf,57,112|113,6,TECHNICAL_APPENDIX,F02E3C7B0F993D636630AB4C640D3C7662AA2BF0CC9F5F1957CF460DF7C659DE,5,34100,380-415/380,"3 Pha, 380-415 / 380V, 50 / 60Hz"
28 / 26 / 24,1,125,12.5,VERIFIED_TECHNICAL_TABLE,-47800,19500,-14.0,5.7,1_chieu,2.79,4.67,Tủ đứng đặt sàn,floor_standing,,PDF_TABLE_VISUAL_VERIFICATION,50 / 60Hz,50 / 60Hz,,FVA125AMVM,1,0,,o/9.5,50 (Chiều dài tương đương 70),30,cooling_only,FVA125AMVM/RZF125CYM,Điều hòa Daikin SkyAir Tủ đứng đặt sàn FVA125AMVM/RZF125CYM,51 / 48 / 46,Inverter cao cấp,RZF125CYM,RZF,3,Dàn nóng,25,IMPORT_READY,R32,R32,"noindex,follow",0,SkyAir RZF - Tủ đứng đặt sàn,FVA125AMVM-RZF125CYM,6,57,DAIKIN - CATALOGUE MÁY LẠNH THƯƠNG MẠI 2026 - SKY AIR.pdf,57,112|113,6,TECHNICAL_APPENDIX,F02E3C7B0F993D636630AB4C640D3C7662AA2BF0CC9F5F1957CF460DF7C659DE,5,42700,380-415/380,"3 Pha, 380-415 / 380V, 50 / 60Hz"
30 / 28 / 26,1,140,14.0,VERIFIED_TECHNICAL_TABLE,-52900,21200,-15.5,6.2,1_chieu,2.45,4.18,Tủ đứng đặt sàn,floor_standing,,PDF_TABLE_VISUAL_VERIFICATION,50 / 60Hz,50 / 60Hz,,FVA140AMVM,1,0,,o/9.5,50 (Chiều dài tương đương 70),30,cooling_only,FVA140AMVM/RZF140CYM,Điều hòa Daikin SkyAir Tủ đứng đặt sàn FVA140AMVM/RZF140CYM,53 / 51 / 48,Inverter cao cấp,RZF140CYM,RZF,3,Dàn nóng,25,IMPORT_READY,R32,R32,"noindex,follow",0,SkyAir RZF - Tủ đứng đặt sàn,FVA140AMVM-RZF140CYM,7,57,DAIKIN - CATALOGUE MÁY LẠNH THƯƠNG MẠI 2026 - SKY AIR.pdf,57,112|113,6,TECHNICAL_APPENDIX,F02E3C7B0F993D636630AB4C640D3C7662AA2BF0CC9F5F1957CF460DF7C659DE,5,47800,380-415/380,"3 Pha, 380-415 / 380V, 50 / 60Hz"
15 / 13.5 / 12 / 11 / 10,1,50,5.0,VERIFIED_TECHNICAL_TABLE,-19100,7800,-5.6,2.3,1_chieu,4.27,6.60,Áp trần,ceiling_suspended,,PDF_TABLE_VISUAL_VERIFICATION,50 / 60Hz,50 / 60Hz,,FHA50DVMV,1,0,,o/9.5,50 (Chiều dài tương đương 70),30,cooling_only,FHA50DVMV/RZF50DVM,Điều hòa Daikin SkyAir Áp trần FHA50DVMV/RZF50DVM,37 / 36 / 35 / 33.5 / 32,Inverter cao cấp,RZF50DVM,RZF,1,Dàn nóng,23,IMPORT_READY,R32,R32,"noindex,follow",0,SkyAir RZF - Áp trần,FHA50DVMV-RZF50DVM,6,58,DAIKIN - CATALOGUE MÁY LẠNH THƯƠNG MẠI 2026 - SKY AIR.pdf,58,114|115,6,TECHNICAL_APPENDIX,F02E3C7B0F993D636630AB4C640D3C7662AA2BF0CC9F5F1957CF460DF7C659DE,2,17100,220-240/220-230,"1 Pha, 220-240 / 220-230V, 50 / 60Hz"
15 / 13.5 / 12 / 11 / 10,1,60,6.0,VERIFIED_TECHNICAL_TABLE,-21500,8900,-6.3,2.6,1_chieu,3.87,6.25,Áp trần,ceiling_suspended,,PDF_TABLE_VISUAL_VERIFICATION,50 / 60Hz,50 / 60Hz,,FHA60DVMV,1,0,,o/9.5,50 (Chiều dài tương đương 70),30,cooling_only,FHA60DVMV/RZF60DVM,Điều hòa Daikin SkyAir Áp trần FHA60DVMV/RZF60DVM,37 / 36 / 35 / 33.5 / 32,Inverter cao cấp,RZF60DVM,RZF,1,Dàn nóng,23,IMPORT_READY,R32,R32,"noindex,follow",0,SkyAir RZF - Áp trần,FHA60DVMV-RZF60DVM,7,58,DAIKIN - CATALOGUE MÁY LẠNH THƯƠNG MẠI 2026 - SKY AIR.pdf,58,114|115,6,TECHNICAL_APPENDIX,F02E3C7B0F993D636630AB4C640D3C7662AA2BF0CC9F5F1957CF460DF7C659DE,2,20500,220-240/220-230,"1 Pha, 220-240 / 220-230V, 50 / 60Hz"
20.5 / 18.8 / 17 / 15.5 / 14,1,71,7.1,VERIFIED_TECHNICAL_TABLE,-27300,10900,-8.0,3.2,1_chieu,3.64,6.34,Áp trần,ceiling_suspended,,PDF_TABLE_VISUAL_VERIFICATION,50 / 60Hz,50 / 60Hz,,FHA71DVMV,1,0,,o/9.5,50 (Chiều dài tương đương 70),30,cooling_only,FHA71DVMV/RZF71DVM,Điều hòa Daikin SkyAir Áp trần FHA71DVMV/RZF71DVM,38 / 37 / 36 / 35 / 34,Inverter cao cấp,RZF71DVM,RZF,1,Dàn nóng,23,IMPORT_READY,R32,R32,"noindex,follow",0,SkyAir RZF - Áp trần,FHA71DVMV-RZF71DVM,8,58,DAIKIN - CATALOGUE MÁY LẠNH THƯƠNG MẠI 2026 - SKY AIR.pdf,58,114|115,6,TECHNICAL_APPENDIX,F02E3C7B0F993D636630AB4C640D3C7662AA2BF0CC9F5F1957CF460DF7C659DE,2,24200,220-240/220-230,"1 Pha, 220-240 / 220-230V, 50 / 60Hz"
28 / 26 / 24 / 22 / 20,1,100,10.0,VERIFIED_TECHNICAL_TABLE,-38200,17100,-11.2,5.0,1_chieu,3.09,5.17,Áp trần,ceiling_suspended,,PDF_TABLE_VISUAL_VERIFICATION,50 / 60Hz,50 / 60Hz,,FHA100CVMV,1,0,,o/9.5,50 (Chiều dài tương đương 70),30,cooling_only,FHA100CVMV/RZF100CVM,Điều hòa Daikin SkyAir Áp trần FHA100CVMV/RZF100CVM,42 / 40 / 38 / 36 / 34,Inverter cao cấp,RZF100CVM,RZF,1,Dàn nóng,23,IMPORT_READY,R32,R32,"noindex,follow",0,SkyAir RZF - Áp trần,FHA100CVMV-RZF100CVM,6,58,DAIKIN - CATALOGUE MÁY LẠNH THƯƠNG MẠI 2026 - SKY AIR.pdf,58,114|115,6,TECHNICAL_APPENDIX,F02E3C7B0F993D636630AB4C640D3C7662AA2BF0CC9F5F1957CF460DF7C659DE,3,34100,220-240,"1 Pha, 220-240V, 50 / 60Hz"
31 / 29 / 27 / 25 / 23,1,125,12.5,VERIFIED_TECHNICAL_TABLE,-47800,19500,-14.0,5.7,1_chieu,2.91,5.09,Áp trần,ceiling_suspended,,PDF_TABLE_VISUAL_VERIFICATION,50 / 60Hz,50 / 60Hz,,FHA125CVMA,1,0,,o/9.5,50 (Chiều dài tương đương 70),30,cooling_only,FHA125CVMA/RZF125CVM,Điều hòa Daikin SkyAir Áp trần FHA125CVMA/RZF125CVM,44 / 42.5 / 41 / 39 / 37,Inverter cao cấp,RZF125CVM,RZF,1,Dàn nóng,23,IMPORT_READY,R32,R32,"noindex,follow",0,SkyAir RZF - Áp trần,FHA125CVMA-RZF125CVM,7,58,DAIKIN - CATALOGUE MÁY LẠNH THƯƠNG MẠI 2026 - SKY AIR.pdf,58,114|115,6,TECHNICAL_APPENDIX,F02E3C7B0F993D636630AB4C640D3C7662AA2BF0CC9F5F1957CF460DF7C659DE,3,42700,220-240,"1 Pha, 220-240V, 50 / 60Hz"
34 / 31.5 / 29 / 26.5 / 24,1,140,14.0,VERIFIED_TECHNICAL_TABLE,-52900,21200,-15.5,6.2,1_chieu,2.59,4.78,Áp trần,ceiling_suspended,,PDF_TABLE_VISUAL_VERIFICATION,50 / 60Hz,50 / 60Hz,,FHA140CVMA,1,0,,o/9.5,50 (Chiều dài tương đương 70),30,cooling_only,FHA140CVMA/RZF140CVM,Điều hòa Daikin SkyAir Áp trần FHA140CVMA/RZF140CVM,46 / 44 / 42 / 40 / 38,Inverter cao cấp,RZF140CVM,RZF,1,Dàn nóng,23,IMPORT_READY,R32,R32,"noindex,follow",0,SkyAir RZF - Áp trần,FHA140CVMA-RZF140CVM,8,58,DAIKIN - CATALOGUE MÁY LẠNH THƯƠNG MẠI 2026 - SKY AIR.pdf,58,114|115,6,TECHNICAL_APPENDIX,F02E3C7B0F993D636630AB4C640D3C7662AA2BF0CC9F5F1957CF460DF7C659DE,3,47800,220-240,"1 Pha, 220-240V, 50 / 60Hz"
20.5 / 18.8 / 17 / 15.5 / 14,1,71,7.1,VERIFIED_TECHNICAL_TABLE,-27300,10900,-8.0,3.2,1_chieu,3.64,6.34,Áp trần,ceiling_suspended,,PDF_TABLE_VISUAL_VERIFICATION,50 / 60Hz,50 / 60Hz,,FHA71DVMV,1,0,,o/9.5,50 (Chiều dài tương đương 70),30,cooling_only,FHA71DVMV/RZF71DYM,Điều hòa Daikin SkyAir Áp trần FHA71DVMV/RZF71DYM,38 / 37 / 36 / 35 / 34,Inverter cao cấp,RZF71DYM,RZF,3,Dàn nóng,23,IMPORT_READY,R32,R32,"noindex,follow",0,SkyAir RZF - Áp trần,FHA71DVMV-RZF71DYM,5,58,DAIKIN - CATALOGUE MÁY LẠNH THƯƠNG MẠI 2026 - SKY AIR.pdf,58,114|115,6,TECHNICAL_APPENDIX,F02E3C7B0F993D636630AB4C640D3C7662AA2BF0CC9F5F1957CF460DF7C659DE,4,24200,380-415/380,"3 Pha, 380-415 / 380V, 50 / 60Hz"
28 / 26 / 24 / 22 / 20,1,100,10.0,VERIFIED_TECHNICAL_TABLE,-38200,17100,-11.2,5.0,1_chieu,3.09,5.17,Áp trần,ceiling_suspended,,PDF_TABLE_VISUAL_VERIFICATION,50 / 60Hz,50 / 60Hz,,FHA100CVMV,1,0,,o/9.5,50 (Chiều dài tương đương 70),30,cooling_only,FHA100CVMV/RZF100CYM,Điều hòa Daikin SkyAir Áp trần FHA100CVMV/RZF100CYM,42 / 40 / 38 / 36 / 34,Inverter cao cấp,RZF100CYM,RZF,3,Dàn nóng,23,IMPORT_READY,R32,R32,"noindex,follow",0,SkyAir RZF - Áp trần,FHA100CVMV-RZF100CYM,5,58,DAIKIN - CATALOGUE MÁY LẠNH THƯƠNG MẠI 2026 - SKY AIR.pdf,58,114|115,6,TECHNICAL_APPENDIX,F02E3C7B0F993D636630AB4C640D3C7662AA2BF0CC9F5F1957CF460DF7C659DE,5,34100,380-415/380,"3 Pha, 380-415 / 380V, 50 / 60Hz"
31 / 29 / 27 / 25 / 23,1,125,12.5,VERIFIED_TECHNICAL_TABLE,-47800,19500,-14.0,5.7,1_chieu,2.91,5.09,Áp trần,ceiling_suspended,,PDF_TABLE_VISUAL_VERIFICATION,50 / 60Hz,50 / 60Hz,,FHA125CVMA,1,0,,o/9.5,50 (Chiều dài tương đương 70),30,cooling_only,FHA125CVMA/RZF125CYM,Điều hòa Daikin SkyAir Áp trần FHA125CVMA/RZF125CYM,44 / 42.5 / 41 / 39 / 37,Inverter cao cấp,RZF125CYM,RZF,3,Dàn nóng,23,IMPORT_READY,R32,R32,"noindex,follow",0,SkyAir RZF - Áp trần,FHA125CVMA-RZF125CYM,6,58,DAIKIN - CATALOGUE MÁY LẠNH THƯƠNG MẠI 2026 - SKY AIR.pdf,58,114|115,6,TECHNICAL_APPENDIX,F02E3C7B0F993D636630AB4C640D3C7662AA2BF0CC9F5F1957CF460DF7C659DE,5,42700,380-415/380,"3 Pha, 380-415 / 380V, 50 / 60Hz"
34 / 31.5 / 29 / 26.5 / 24,1,140,14.0,VERIFIED_TECHNICAL_TABLE,-52900,21200,-15.5,6.2,1_chieu,2.59,4.78,Áp trần,ceiling_suspended,,PDF_TABLE_VISUAL_VERIFICATION,50 / 60Hz,50 / 60Hz,,FHA140CVMA,1,0,,o/9.5,50 (Chiều dài tương đương 70),30,cooling_only,FHA140CVMA/RZF140CYM,Điều hòa Daikin SkyAir Áp trần FHA140CVMA/RZF140CYM,46 / 44 / 42 / 40 / 38,Inverter cao cấp,RZF140CYM,RZF,3,Dàn nóng,23,IMPORT_READY,R32,R32,"noindex,follow",0,SkyAir RZF - Áp trần,FHA140CVMA-RZF140CYM,7,58,DAIKIN - CATALOGUE MÁY LẠNH THƯƠNG MẠI 2026 - SKY AIR.pdf,58,114|115,6,TECHNICAL_APPENDIX,F02E3C7B0F993D636630AB4C640D3C7662AA2BF0CC9F5F1957CF460DF7C659DE,5,47800,380-415/380,"3 Pha, 380-415 / 380V, 50 / 60Hz"
23 / 21 / 18.5 / 16 / 13.5,1,50,5.0,VERIFIED_TECHNICAL_TABLE,-20500,4800,-6.0,1.4,2_chieu,4.50,7.22,Round Flow có Streamer,cassette,,PDF_TABLE_VISUAL_VERIFICATION,50Hz,50Hz,,FCTF50AVM,1,0,,o/9.5,50 (Chiều dài tương đương 70),30,heat_pump,FCTF50AVM/RZA50DV2V,Điều hòa Daikin SkyAir Round Flow có Streamer FCTF50AVM/RZA50DV2V,37 / 34.5 / 32 / 29.5 / 27.5,Inverter cao cấp,RZA50DV2V,RZA,1,Dàn nóng,24,IMPORT_READY,R32,R32,"noindex,follow",0,SkyAir RZA - Round Flow có Streamer,FCTF50AVM-RZA50DV2V,5,59,DAIKIN - CATALOGUE MÁY LẠNH THƯƠNG MẠI 2026 - SKY AIR.pdf,59,116|117,7,TECHNICAL_APPENDIX,F02E3C7B0F993D636630AB4C640D3C7662AA2BF0CC9F5F1957CF460DF7C659DE,2,17100,220,"1 Pha, 220V, 50Hz"
23 / 21 / 18.5 / 16 / 13.5,1,50,5.0,VERIFIED_TECHNICAL_TABLE,-20500,4800,-6.0,1.4,2_chieu,4.50,7.22,Round Flow,cassette,,PDF_TABLE_VISUAL_VERIFICATION,50Hz,50Hz,,FCF50CVM,1,0,,o/9.5,50 (Chiều dài tương đương 70),30,heat_pump,FCF50CVM/RZA50DV2V,Điều hòa Daikin SkyAir Round Flow FCF50CVM/RZA50DV2V,37 / 34.5 / 32 / 29.5 / 27.5,Inverter cao cấp,RZA50DV2V,RZA,1,Dàn nóng,24,IMPORT_READY,R32,R32,"noindex,follow",0,SkyAir RZA - Round Flow,FCF50CVM-RZA50DV2V,5,59,DAIKIN - CATALOGUE MÁY LẠNH THƯƠNG MẠI 2026 - SKY AIR.pdf,59,116|117,7,TECHNICAL_APPENDIX,F02E3C7B0F993D636630AB4C640D3C7662AA2BF0CC9F5F1957CF460DF7C659DE,2,17100,220,"1 Pha, 220V, 50Hz"
23 / 21 / 18.5 / 16 / 13.5,1,60,6.0,VERIFIED_TECHNICAL_TABLE,-24200,4800,-7.1,1.4,2_chieu,4.03,6.85,Round Flow có Streamer,cassette,,PDF_TABLE_VISUAL_VERIFICATION,50Hz,50Hz,,FCTF60AVM,1,0,,o/9.5,50 (Chiều dài tương đương 70),30,heat_pump,FCTF60AVM/RZA60DV2V,Điều hòa Daikin SkyAir Round Flow có Streamer FCTF60AVM/RZA60DV2V,37 / 34.5 / 32 / 29.5 / 27.5,Inverter cao cấp,RZA60DV2V,RZA,1,Dàn nóng,24,IMPORT_READY,R32,R32,"noindex,follow",0,SkyAir RZA - Round Flow có Streamer,FCTF60AVM-RZA60DV2V,6,59,DAIKIN - CATALOGUE MÁY LẠNH THƯƠNG MẠI 2026 - SKY AIR.pdf,59,116|117,7,TECHNICAL_APPENDIX,F02E3C7B0F993D636630AB4C640D3C7662AA2BF0CC9F5F1957CF460DF7C659DE,2,20500,220,"1 Pha, 220V, 50Hz"
23 / 21 / 18.5 / 16 / 13.5,1,60,6.0,VERIFIED_TECHNICAL_TABLE,-24200,4800,-7.1,1.4,2_chieu,4.03,6.85,Round Flow,cassette,,PDF_TABLE_VISUAL_VERIFICATION,50Hz,50Hz,,FCF60CVM,1,0,,o/9.5,50 (Chiều dài tương đương 70),30,heat_pump,FCF60CVM/RZA60DV2V,Điều hòa Daikin SkyAir Round Flow FCF60CVM/RZA60DV2V,37 / 34.5 / 32 / 29.5 / 27.5,Inverter cao cấp,RZA60DV2V,RZA,1,Dàn nóng,24,IMPORT_READY,R32,R32,"noindex,follow",0,SkyAir RZA - Round Flow,FCF60CVM-RZA60DV2V,6,59,DAIKIN - CATALOGUE MÁY LẠNH THƯƠNG MẠI 2026 - SKY AIR.pdf,59,116|117,7,TECHNICAL_APPENDIX,F02E3C7B0F993D636630AB4C640D3C7662AA2BF0CC9F5F1957CF460DF7C659DE,2,20500,220,"1 Pha, 220V, 50Hz"
23 / 21 / 18.5 / 16 / 13.5,1,71,7.1,VERIFIED_TECHNICAL_TABLE,-27300,10900,-8.0,3.2,2_chieu,3.73,6.13,Round Flow có Streamer,cassette,,PDF_TABLE_VISUAL_VERIFICATION,50Hz,50Hz,,FCTF71AVM,1,0,,o/9.5,75 (Chiều dài tương đương 90),30,heat_pump,FCTF71AVM/RZA71DV1,Điều hòa Daikin SkyAir Round Flow có Streamer FCTF71AVM/RZA71DV1,37 / 34.5 / 32 / 29.5 / 27.5,Inverter cao cấp,RZA71DV1,RZA,1,Dàn nóng,24,IMPORT_READY,R32,R32,"noindex,follow",0,SkyAir RZA - Round Flow có Streamer,FCTF71AVM-RZA71DV1,7,59,DAIKIN - CATALOGUE MÁY LẠNH THƯƠNG MẠI 2026 - SKY AIR.pdf,59,116|117,7,TECHNICAL_APPENDIX,F02E3C7B0F993D636630AB4C640D3C7662AA2BF0CC9F5F1957CF460DF7C659DE,2,24200,220-240,"1 Pha, 220-240V, 50Hz"
23 / 21 / 18.5 / 16 / 13.5,1,71,7.1,VERIFIED_TECHNICAL_TABLE,-27300,10900,-8.0,3.2,2_chieu,3.73,6.13,Round Flow,cassette,,PDF_TABLE_VISUAL_VERIFICATION,50Hz,50Hz,,FCF71CVM,1,0,,o/9.5,75 (Chiều dài tương đương 90),30,heat_pump,FCF71CVM/RZA71DV1,Điều hòa Daikin SkyAir Round Flow FCF71CVM/RZA71DV1,37 / 34.5 / 32 / 29.5 / 27.5,Inverter cao cấp,RZA71DV1,RZA,1,Dàn nóng,24,IMPORT_READY,R32,R32,"noindex,follow",0,SkyAir RZA - Round Flow,FCF71CVM-RZA71DV1,7,59,DAIKIN - CATALOGUE MÁY LẠNH THƯƠNG MẠI 2026 - SKY AIR.pdf,59,116|117,7,TECHNICAL_APPENDIX,F02E3C7B0F993D636630AB4C640D3C7662AA2BF0CC9F5F1957CF460DF7C659DE,2,24200,220-240,"1 Pha, 220-240V, 50Hz"
34.5 / 31 / 27.5 / 24 / 20,1,100,10.0,VERIFIED_TECHNICAL_TABLE,-38200,10900,-11.2,3.2,2_chieu,3.27,5.54,Round Flow có Streamer,cassette,,PDF_TABLE_VISUAL_VERIFICATION,50Hz,50Hz,,FCTF100AVM,1,0,,o/9.5,75 (Chiều dài tương đương 90),30,heat_pump,FCTF100AVM/RZA100DV1,Điều hòa Daikin SkyAir Round Flow có Streamer FCTF100AVM/RZA100DV1,45 / 41.5 / 38 / 35 / 32.5,Inverter cao cấp,RZA100DV1,RZA,1,Dàn nóng,24,IMPORT_READY,R32,R32,"noindex,follow",0,SkyAir RZA - Round Flow có Streamer,FCTF100AVM-RZA100DV1,8,59,DAIKIN - CATALOGUE MÁY LẠNH THƯƠNG MẠI 2026 - SKY AIR.pdf,59,116|117,7,TECHNICAL_APPENDIX,F02E3C7B0F993D636630AB4C640D3C7662AA2BF0CC9F5F1957CF460DF7C659DE,2,34100,220-240,"1 Pha, 220-240V, 50Hz"
34.5 / 31 / 27.5 / 24 / 20,1,100,10.0,VERIFIED_TECHNICAL_TABLE,-38200,10900,-11.2,3.2,2_chieu,3.27,5.54,Round Flow,cassette,,PDF_TABLE_VISUAL_VERIFICATION,50Hz,50Hz,,FCF100CVM,1,0,,o/9.5,75 (Chiều dài tương đương 90),30,heat_pump,FCF100CVM/RZA100DV1,Điều hòa Daikin SkyAir Round Flow FCF100CVM/RZA100DV1,45 / 41.5 / 38 / 35 / 32.5,Inverter cao cấp,RZA100DV1,RZA,1,Dàn nóng,24,IMPORT_READY,R32,R32,"noindex,follow",0,SkyAir RZA - Round Flow,FCF100CVM-RZA100DV1,8,59,DAIKIN - CATALOGUE MÁY LẠNH THƯƠNG MẠI 2026 - SKY AIR.pdf,59,116|117,7,TECHNICAL_APPENDIX,F02E3C7B0F993D636630AB4C640D3C7662AA2BF0CC9F5F1957CF460DF7C659DE,2,34100,220-240,"1 Pha, 220-240V, 50Hz"
36.5 / 33 / 29 / 25 / 21,1,125,12.5,VERIFIED_TECHNICAL_TABLE,-47800,17100,-14.0,5.0,2_chieu,3.55,5.76,Round Flow có Streamer,cassette,,PDF_TABLE_VISUAL_VERIFICATION,50Hz,50Hz,,FCTF125AVM,1,0,,o/9.5,75 (Chiều dài tương đương 90),30,heat_pump,FCTF125AVM/RZA125DV1,Điều hòa Daikin SkyAir Round Flow có Streamer FCTF125AVM/RZA125DV1,46 / 43 / 40 / 36 / 32.5,Inverter cao cấp,RZA125DV1,RZA,1,Dàn nóng,24,IMPORT_READY,R32,R32,"noindex,follow",0,SkyAir RZA - Round Flow có Streamer,FCTF125AVM-RZA125DV1,9,59,DAIKIN - CATALOGUE MÁY LẠNH THƯƠNG MẠI 2026 - SKY AIR.pdf,59,116|117,7,TECHNICAL_APPENDIX,F02E3C7B0F993D636630AB4C640D3C7662AA2BF0CC9F5F1957CF460DF7C659DE,2,42700,220-240,"1 Pha, 220-240V, 50Hz"
36.5 / 33 / 29 / 25 / 21,1,125,12.5,VERIFIED_TECHNICAL_TABLE,-47800,17100,-14.0,5.0,2_chieu,3.55,5.76,Round Flow,cassette,,PDF_TABLE_VISUAL_VERIFICATION,50Hz,50Hz,,FCF125CVM,1,0,,o/9.5,75 (Chiều dài tương đương 90),30,heat_pump,FCF125CVM/RZA125DV1,Điều hòa Daikin SkyAir Round Flow FCF125CVM/RZA125DV1,46 / 43 / 40 / 36 / 32.5,Inverter cao cấp,RZA125DV1,RZA,1,Dàn nóng,24,IMPORT_READY,R32,R32,"noindex,follow",0,SkyAir RZA - Round Flow,FCF125CVM-RZA125DV1,9,59,DAIKIN - CATALOGUE MÁY LẠNH THƯƠNG MẠI 2026 - SKY AIR.pdf,59,116|117,7,TECHNICAL_APPENDIX,F02E3C7B0F993D636630AB4C640D3C7662AA2BF0CC9F5F1957CF460DF7C659DE,2,42700,220-240,"1 Pha, 220-240V, 50Hz"
36.5 / 33 / 29 / 25 / 21,1,140,14.0,VERIFIED_TECHNICAL_TABLE,-54600,17100,-16.0,5.0,2_chieu,3.32,5.20,Round Flow có Streamer,cassette,,PDF_TABLE_VISUAL_VERIFICATION,50Hz,50Hz,,FCTF140AVM,1,0,,o/9.5,75 (Chiều dài tương đương 90),30,heat_pump,FCTF140AVM/RZA140DV1,Điều hòa Daikin SkyAir Round Flow có Streamer FCTF140AVM/RZA140DV1,46 / 43 / 40 / 36 / 32.5,Inverter cao cấp,RZA140DV1,RZA,1,Dàn nóng,24,IMPORT_READY,R32,R32,"noindex,follow",0,SkyAir RZA - Round Flow có Streamer,FCTF140AVM-RZA140DV1,10,59,DAIKIN - CATALOGUE MÁY LẠNH THƯƠNG MẠI 2026 - SKY AIR.pdf,59,116|117,7,TECHNICAL_APPENDIX,F02E3C7B0F993D636630AB4C640D3C7662AA2BF0CC9F5F1957CF460DF7C659DE,2,47800,220-240,"1 Pha, 220-240V, 50Hz"
36.5 / 33 / 29 / 25 / 21,1,140,14.0,VERIFIED_TECHNICAL_TABLE,-54600,17100,-16.0,5.0,2_chieu,3.32,5.20,Round Flow,cassette,,PDF_TABLE_VISUAL_VERIFICATION,50Hz,50Hz,,FCF140CVM,1,0,,o/9.5,75 (Chiều dài tương đương 90),30,heat_pump,FCF140CVM/RZA140DV1,Điều hòa Daikin SkyAir Round Flow FCF140CVM/RZA140DV1,46 / 43 / 40 / 36 / 32.5,Inverter cao cấp,RZA140DV1,RZA,1,Dàn nóng,24,IMPORT_READY,R32,R32,"noindex,follow",0,SkyAir RZA - Round Flow,FCF140CVM-RZA140DV1,10,59,DAIKIN - CATALOGUE MÁY LẠNH THƯƠNG MẠI 2026 - SKY AIR.pdf,59,116|117,7,TECHNICAL_APPENDIX,F02E3C7B0F993D636630AB4C640D3C7662AA2BF0CC9F5F1957CF460DF7C659DE,2,47800,220-240,"1 Pha, 220-240V, 50Hz"
18 / 15 / 12.5,1,50,5.0,VERIFIED_TECHNICAL_TABLE,-20500,4800,-6.0,1.4,2_chieu,4.06,6.28,Áp suất tĩnh trung bình,ducted,Định mức 50 (50-150),PDF_TABLE_VISUAL_VERIFICATION,50Hz,50Hz,,FBA50BVMA9,1,0,,o/9.5,50 (Chiều dài tương đương 70),30,heat_pump,FBA50BVMA9/RZA50DV2V,Điều hòa Daikin SkyAir Áp suất tĩnh trung bình FBA50BVMA9/RZA50DV2V,35 / 33 / 31,Inverter cao cấp,RZA50DV2V,RZA,1,Dàn nóng,27,IMPORT_READY,R32,R32,"noindex,follow",0,SkyAir RZA - Áp suất tĩnh trung bình,FBA50BVMA9-RZA50DV2V,6,59,DAIKIN - CATALOGUE MÁY LẠNH THƯƠNG MẠI 2026 - SKY AIR.pdf,59,116|117,7,TECHNICAL_APPENDIX,F02E3C7B0F993D636630AB4C640D3C7662AA2BF0CC9F5F1957CF460DF7C659DE,3,17100,220,"1 Pha, 220V, 50Hz"
18 / 15 / 12.5,1,60,6.0,VERIFIED_TECHNICAL_TABLE,-24200,4800,-7.1,1.4,2_chieu,3.66,5.92,Áp suất tĩnh trung bình,ducted,Định mức 50 (50-150),PDF_TABLE_VISUAL_VERIFICATION,50Hz,50Hz,,FBA60BVMA9,1,0,,o/9.5,50 (Chiều dài tương đương 70),30,heat_pump,FBA60BVMA9/RZA60DV2V,Điều hòa Daikin SkyAir Áp suất tĩnh trung bình FBA60BVMA9/RZA60DV2V,35 / 33 / 31,Inverter cao cấp,RZA60DV2V,RZA,1,Dàn nóng,27,IMPORT_READY,R32,R32,"noindex,follow",0,SkyAir RZA - Áp suất tĩnh trung bình,FBA60BVMA9-RZA60DV2V,7,59,DAIKIN - CATALOGUE MÁY LẠNH THƯƠNG MẠI 2026 - SKY AIR.pdf,59,116|117,7,TECHNICAL_APPENDIX,F02E3C7B0F993D636630AB4C640D3C7662AA2BF0CC9F5F1957CF460DF7C659DE,3,20500,220,"1 Pha, 220V, 50Hz"
23 / 19.5 / 16,1,71,7.1,VERIFIED_TECHNICAL_TABLE,-27300,10900,-8.0,3.2,2_chieu,3.56,5.71,Áp suất tĩnh trung bình,ducted,Định mức 50 (50-150),PDF_TABLE_VISUAL_VERIFICATION,50Hz,50Hz,,FBA71BVMA9,1,0,,o/9.5,75 (Chiều dài tương đương 90),30,heat_pump,FBA71BVMA9/RZA71DV1,Điều hòa Daikin SkyAir Áp suất tĩnh trung bình FBA71BVMA9/RZA71DV1,38 / 35 / 33,Inverter cao cấp,RZA71DV1,RZA,1,Dàn nóng,27,IMPORT_READY,R32,R32,"noindex,follow",0,SkyAir RZA - Áp suất tĩnh trung bình,FBA71BVMA9-RZA71DV1,8,59,DAIKIN - CATALOGUE MÁY LẠNH THƯƠNG MẠI 2026 - SKY AIR.pdf,59,116|117,7,TECHNICAL_APPENDIX,F02E3C7B0F993D636630AB4C640D3C7662AA2BF0CC9F5F1957CF460DF7C659DE,3,24200,220-240,"1 Pha, 220-240V, 50Hz"
32 / 27 / 22.5,1,100,10.0,VERIFIED_TECHNICAL_TABLE,-38200,10900,-11.2,3.2,2_chieu,3.15,5.33,Áp suất tĩnh trung bình,ducted,Định mức 50 (50-150),PDF_TABLE_VISUAL_VERIFICATION,50Hz,50Hz,,FBA100BVMA9,1,0,,o/9.5,75 (Chiều dài tương đương 90),30,heat_pump,FBA100BVMA9/RZA100DV1,Điều hòa Daikin SkyAir Áp suất tĩnh trung bình FBA100BVMA9/RZA100DV1,38 / 35.5 / 33,Inverter cao cấp,RZA100DV1,RZA,1,Dàn nóng,27,IMPORT_READY,R32,R32,"noindex,follow",0,SkyAir RZA - Áp suất tĩnh trung bình,FBA100BVMA9-RZA100DV1,9,59,DAIKIN - CATALOGUE MÁY LẠNH THƯƠNG MẠI 2026 - SKY AIR.pdf,59,116|117,7,TECHNICAL_APPENDIX,F02E3C7B0F993D636630AB4C640D3C7662AA2BF0CC9F5F1957CF460DF7C659DE,3,34100,220-240,"1 Pha, 220-240V, 50Hz"
36 / 30.5 / 25,1,125,12.5,VERIFIED_TECHNICAL_TABLE,-47800,17100,-14.0,5.0,2_chieu,3.34,5.30,Áp suất tĩnh trung bình,ducted,Định mức 50 (50-150),PDF_TABLE_VISUAL_VERIFICATION,50Hz,50Hz,,FBA125BVMA9,1,0,,o/9.5,75 (Chiều dài tương đương 90),30,heat_pump,FBA125BVMA9/RZA125DV1,Điều hòa Daikin SkyAir Áp suất tĩnh trung bình FBA125BVMA9/RZA125DV1,40 / 37.5 / 35,Inverter cao cấp,RZA125DV1,RZA,1,Dàn nóng,27,IMPORT_READY,R32,R32,"noindex,follow",0,SkyAir RZA - Áp suất tĩnh trung bình,FBA125BVMA9-RZA125DV1,10,59,DAIKIN - CATALOGUE MÁY LẠNH THƯƠNG MẠI 2026 - SKY AIR.pdf,59,116|117,7,TECHNICAL_APPENDIX,F02E3C7B0F993D636630AB4C640D3C7662AA2BF0CC9F5F1957CF460DF7C659DE,3,42700,220-240,"1 Pha, 220-240V, 50Hz"
36 / 30.5 / 25,1,140,14.0,VERIFIED_TECHNICAL_TABLE,-54600,17100,-16.0,5.0,2_chieu,3.28,4.93,Áp suất tĩnh trung bình,ducted,Định mức 50 (50-150),PDF_TABLE_VISUAL_VERIFICATION,50Hz,50Hz,,FBA140BVMA,1,0,,o/9.5,75 (Chiều dài tương đương 90),30,heat_pump,FBA140BVMA/RZA140DV1,Điều hòa Daikin SkyAir Áp suất tĩnh trung bình FBA140BVMA/RZA140DV1,40 / 37.5 / 35,Inverter cao cấp,RZA140DV1,RZA,1,Dàn nóng,27,IMPORT_READY,R32,R32,"noindex,follow",0,SkyAir RZA - Áp suất tĩnh trung bình,FBA140BVMA-RZA140DV1,11,59,DAIKIN - CATALOGUE MÁY LẠNH THƯƠNG MẠI 2026 - SKY AIR.pdf,59,116|117,7,TECHNICAL_APPENDIX,F02E3C7B0F993D636630AB4C640D3C7662AA2BF0CC9F5F1957CF460DF7C659DE,3,47800,220-240,"1 Pha, 220-240V, 50Hz"
32 / 27 / 22.5,1,100,10.0,VERIFIED_TECHNICAL_TABLE,-38200,17100,-11.2,5.0,2_chieu,3.60,5.75,Áp suất tĩnh trung bình,ducted,Định mức 50 (50-150),PDF_TABLE_VISUAL_VERIFICATION,50Hz,50Hz,,FBA100BVMA9,1,0,,o/9.5,75 (Chiều dài tương đương 90),30,heat_pump,FBA100BVMA9/RZA100DY1,Điều hòa Daikin SkyAir Áp suất tĩnh trung bình FBA100BVMA9/RZA100DY1,38 / 35.5 / 33,Inverter cao cấp,RZA100DY1,RZA,3,Dàn nóng,27,IMPORT_READY,R32,R32,"noindex,follow",0,SkyAir RZA - Áp suất tĩnh trung bình,FBA100BVMA9-RZA100DY1,6,59,DAIKIN - CATALOGUE MÁY LẠNH THƯƠNG MẠI 2026 - SKY AIR.pdf,59,116|117,7,TECHNICAL_APPENDIX,F02E3C7B0F993D636630AB4C640D3C7662AA2BF0CC9F5F1957CF460DF7C659DE,4,34100,380-415,"3 Pha, 380-415V, 50Hz"
36 / 30.5 / 25,1,125,12.5,VERIFIED_TECHNICAL_TABLE,-47800,17100,-14.0,5.0,2_chieu,3.34,5.30,Áp suất tĩnh trung bình,ducted,Định mức 50 (50-150),PDF_TABLE_VISUAL_VERIFICATION,50Hz,50Hz,,FBA125BVMA9,1,0,,o/9.5,75 (Chiều dài tương đương 90),30,heat_pump,FBA125BVMA9/RZA125DY1,Điều hòa Daikin SkyAir Áp suất tĩnh trung bình FBA125BVMA9/RZA125DY1,40 / 37.5 / 35,Inverter cao cấp,RZA125DY1,RZA,3,Dàn nóng,27,IMPORT_READY,R32,R32,"noindex,follow",0,SkyAir RZA - Áp suất tĩnh trung bình,FBA125BVMA9-RZA125DY1,7,59,DAIKIN - CATALOGUE MÁY LẠNH THƯƠNG MẠI 2026 - SKY AIR.pdf,59,116|117,7,TECHNICAL_APPENDIX,F02E3C7B0F993D636630AB4C640D3C7662AA2BF0CC9F5F1957CF460DF7C659DE,4,42700,380-415,"3 Pha, 380-415V, 50Hz"
36 / 30.5 / 25,1,140,14.0,VERIFIED_TECHNICAL_TABLE,-54600,17100,-16.0,5.0,2_chieu,3.28,4.93,Áp suất tĩnh trung bình,ducted,Định mức 50 (50-150),PDF_TABLE_VISUAL_VERIFICATION,50Hz,50Hz,,FBA140BVMA9,1,0,,o/9.5,75 (Chiều dài tương đương 90),30,heat_pump,FBA140BVMA9/RZA140DY1,Điều hòa Daikin SkyAir Áp suất tĩnh trung bình FBA140BVMA9/RZA140DY1,40 / 37.5 / 35,Inverter cao cấp,RZA140DY1,RZA,3,Dàn nóng,27,IMPORT_READY,R32,R32,"noindex,follow",0,SkyAir RZA - Áp suất tĩnh trung bình,FBA140BVMA9-RZA140DY1,8,59,DAIKIN - CATALOGUE MÁY LẠNH THƯƠNG MẠI 2026 - SKY AIR.pdf,59,116|117,7,TECHNICAL_APPENDIX,F02E3C7B0F993D636630AB4C640D3C7662AA2BF0CC9F5F1957CF460DF7C659DE,4,47800,380-415,"3 Pha, 380-415V, 50Hz"
34.5 / 31 / 27.5 / 24 / 20,1,100,10.0,VERIFIED_TECHNICAL_TABLE,-38200,17100,-11.2,5.0,2_chieu,3.60,5.91,Round Flow có Streamer,cassette,,PDF_TABLE_VISUAL_VERIFICATION,50Hz,50Hz,,FCTF100AVM,1,0,,o/9.5,75 (Chiều dài tương đương 90),30,heat_pump,FCTF100AVM/RZA100DY1,Điều hòa Daikin SkyAir Round Flow có Streamer FCTF100AVM/RZA100DY1,45 / 41.5 / 38 / 35 / 32.5,Inverter cao cấp,RZA100DY1,RZA,3,Dàn nóng,24,IMPORT_READY,R32,R32,"noindex,follow",0,SkyAir RZA - Round Flow có Streamer,FCTF100AVM-RZA100DY1,5,59,DAIKIN - CATALOGUE MÁY LẠNH THƯƠNG MẠI 2026 - SKY AIR.pdf,59,116|117,7,TECHNICAL_APPENDIX,F02E3C7B0F993D636630AB4C640D3C7662AA2BF0CC9F5F1957CF460DF7C659DE,5,34100,380-415,"3 Pha, 380-415V, 50Hz"
34.5 / 31 / 27.5 / 24 / 20,1,100,10.0,VERIFIED_TECHNICAL_TABLE,-38200,17100,-11.2,5.0,2_chieu,3.60,5.91,Round Flow,cassette,,PDF_TABLE_VISUAL_VERIFICATION,50Hz,50Hz,,FCF100CVM,1,0,,o/9.5,75 (Chiều dài tương đương 90),30,heat_pump,FCF100CVM/RZA100DY1,Điều hòa Daikin SkyAir Round Flow FCF100CVM/RZA100DY1,45 / 41.5 / 38 / 35 / 32.5,Inverter cao cấp,RZA100DY1,RZA,3,Dàn nóng,24,IMPORT_READY,R32,R32,"noindex,follow",0,SkyAir RZA - Round Flow,FCF100CVM-RZA100DY1,5,59,DAIKIN - CATALOGUE MÁY LẠNH THƯƠNG MẠI 2026 - SKY AIR.pdf,59,116|117,7,TECHNICAL_APPENDIX,F02E3C7B0F993D636630AB4C640D3C7662AA2BF0CC9F5F1957CF460DF7C659DE,5,34100,380-415,"3 Pha, 380-415V, 50Hz"
36.5 / 33 / 29 / 25 / 21,1,125,12.5,VERIFIED_TECHNICAL_TABLE,-47800,17100,-14.0,5.0,2_chieu,3.55,5.76,Round Flow có Streamer,cassette,,PDF_TABLE_VISUAL_VERIFICATION,50Hz,50Hz,,FCTF125AVM,1,0,,o/9.5,75 (Chiều dài tương đương 90),30,heat_pump,FCTF125AVM/RZA125DY1,Điều hòa Daikin SkyAir Round Flow có Streamer FCTF125AVM/RZA125DY1,46 / 43 / 40 / 36 / 32.5,Inverter cao cấp,RZA125DY1,RZA,3,Dàn nóng,24,IMPORT_READY,R32,R32,"noindex,follow",0,SkyAir RZA - Round Flow có Streamer,FCTF125AVM-RZA125DY1,6,59,DAIKIN - CATALOGUE MÁY LẠNH THƯƠNG MẠI 2026 - SKY AIR.pdf,59,116|117,7,TECHNICAL_APPENDIX,F02E3C7B0F993D636630AB4C640D3C7662AA2BF0CC9F5F1957CF460DF7C659DE,5,42700,380-415,"3 Pha, 380-415V, 50Hz"
36.5 / 33 / 29 / 25 / 21,1,125,12.5,VERIFIED_TECHNICAL_TABLE,-47800,17100,-14.0,5.0,2_chieu,3.55,5.76,Round Flow,cassette,,PDF_TABLE_VISUAL_VERIFICATION,50Hz,50Hz,,FCF125CVM,1,0,,o/9.5,75 (Chiều dài tương đương 90),30,heat_pump,FCF125CVM/RZA125DY1,Điều hòa Daikin SkyAir Round Flow FCF125CVM/RZA125DY1,46 / 43 / 40 / 36 / 32.5,Inverter cao cấp,RZA125DY1,RZA,3,Dàn nóng,24,IMPORT_READY,R32,R32,"noindex,follow",0,SkyAir RZA - Round Flow,FCF125CVM-RZA125DY1,6,59,DAIKIN - CATALOGUE MÁY LẠNH THƯƠNG MẠI 2026 - SKY AIR.pdf,59,116|117,7,TECHNICAL_APPENDIX,F02E3C7B0F993D636630AB4C640D3C7662AA2BF0CC9F5F1957CF460DF7C659DE,5,42700,380-415,"3 Pha, 380-415V, 50Hz"
36.5 / 33 / 29 / 25 / 21,1,140,14.0,VERIFIED_TECHNICAL_TABLE,-54600,17100,-16.0,5.0,2_chieu,3.32,5.20,Round Flow có Streamer,cassette,,PDF_TABLE_VISUAL_VERIFICATION,50Hz,50Hz,,FCTF140AVM,1,0,,o/9.5,75 (Chiều dài tương đương 90),30,heat_pump,FCTF140AVM/RZA140DY1,Điều hòa Daikin SkyAir Round Flow có Streamer FCTF140AVM/RZA140DY1,46 / 43 / 40 / 36 / 32.5,Inverter cao cấp,RZA140DY1,RZA,3,Dàn nóng,24,IMPORT_READY,R32,R32,"noindex,follow",0,SkyAir RZA - Round Flow có Streamer,FCTF140AVM-RZA140DY1,7,59,DAIKIN - CATALOGUE MÁY LẠNH THƯƠNG MẠI 2026 - SKY AIR.pdf,59,116|117,7,TECHNICAL_APPENDIX,F02E3C7B0F993D636630AB4C640D3C7662AA2BF0CC9F5F1957CF460DF7C659DE,5,47800,380-415,"3 Pha, 380-415V, 50Hz"
36.5 / 33 / 29 / 25 / 21,1,140,14.0,VERIFIED_TECHNICAL_TABLE,-54600,17100,-16.0,5.0,2_chieu,3.32,5.20,Round Flow,cassette,,PDF_TABLE_VISUAL_VERIFICATION,50Hz,50Hz,,FCF140CVM,1,0,,o/9.5,75 (Chiều dài tương đương 90),30,heat_pump,FCF140CVM/RZA140DY1,Điều hòa Daikin SkyAir Round Flow FCF140CVM/RZA140DY1,46 / 43 / 40 / 36 / 32.5,Inverter cao cấp,RZA140DY1,RZA,3,Dàn nóng,24,IMPORT_READY,R32,R32,"noindex,follow",0,SkyAir RZA - Round Flow,FCF140CVM-RZA140DY1,7,59,DAIKIN - CATALOGUE MÁY LẠNH THƯƠNG MẠI 2026 - SKY AIR.pdf,59,116|117,7,TECHNICAL_APPENDIX,F02E3C7B0F993D636630AB4C640D3C7662AA2BF0CC9F5F1957CF460DF7C659DE,5,47800,380-415,"3 Pha, 380-415V, 50Hz"
18 / 16 / 14,1,50,5.0,VERIFIED_TECHNICAL_TABLE,-20500,4800,-6.0,1.4,2_chieu,4.04,6.04,Tủ đứng đặt sàn,floor_standing,,PDF_TABLE_VISUAL_VERIFICATION,50Hz,50Hz,,FVA50AMVM,1,0,,o/9.5,50 (Chiều dài tương đương 70),30,heat_pump,FVA50AMVM/RZA50DV2V,Điều hòa Daikin SkyAir Tủ đứng đặt sàn FVA50AMVM/RZA50DV2V,43 / 41 / 38,Inverter cao cấp,RZA50DV2V,RZA,1,Dàn nóng,25,IMPORT_READY,R32,R32,"noindex,follow",0,SkyAir RZA - Tủ đứng đặt sàn,FVA50AMVM-RZA50DV2V,5,60,DAIKIN - CATALOGUE MÁY LẠNH THƯƠNG MẠI 2026 - SKY AIR.pdf,60,118|119,6,TECHNICAL_APPENDIX,F02E3C7B0F993D636630AB4C640D3C7662AA2BF0CC9F5F1957CF460DF7C659DE,2,17100,220,"1 Pha, 220V, 50Hz"
18 / 16 / 14,1,60,6.0,VERIFIED_TECHNICAL_TABLE,-24200,4800,-7.1,1.4,2_chieu,3.63,5.41,Tủ đứng đặt sàn,floor_standing,,PDF_TABLE_VISUAL_VERIFICATION,50Hz,50Hz,,FVA60AMVM,1,0,,o/9.5,50 (Chiều dài tương đương 70),30,heat_pump,FVA60AMVM/RZA60DV2V,Điều hòa Daikin SkyAir Tủ đứng đặt sàn FVA60AMVM/RZA60DV2V,43 / 41 / 38,Inverter cao cấp,RZA60DV2V,RZA,1,Dàn nóng,25,IMPORT_READY,R32,R32,"noindex,follow",0,SkyAir RZA - Tủ đứng đặt sàn,FVA60AMVM-RZA60DV2V,6,60,DAIKIN - CATALOGUE MÁY LẠNH THƯƠNG MẠI 2026 - SKY AIR.pdf,60,118|119,6,TECHNICAL_APPENDIX,F02E3C7B0F993D636630AB4C640D3C7662AA2BF0CC9F5F1957CF460DF7C659DE,2,20500,220,"1 Pha, 220V, 50Hz"
18 / 16 / 14,1,71,7.1,VERIFIED_TECHNICAL_TABLE,-27300,10900,-8.0,3.2,2_chieu,3.25,5.32,Tủ đứng đặt sàn,floor_standing,,PDF_TABLE_VISUAL_VERIFICATION,50Hz,50Hz,,FVA71AMVM,1,0,,o/9.5,75 (Chiều dài tương đương 90),30,heat_pump,FVA71AMVM/RZA71DV1,Điều hòa Daikin SkyAir Tủ đứng đặt sàn FVA71AMVM/RZA71DV1,43 / 41 / 38,Inverter cao cấp,RZA71DV1,RZA,1,Dàn nóng,25,IMPORT_READY,R32,R32,"noindex,follow",0,SkyAir RZA - Tủ đứng đặt sàn,FVA71AMVM-RZA71DV1,7,60,DAIKIN - CATALOGUE MÁY LẠNH THƯƠNG MẠI 2026 - SKY AIR.pdf,60,118|119,6,TECHNICAL_APPENDIX,F02E3C7B0F993D636630AB4C640D3C7662AA2BF0CC9F5F1957CF460DF7C659DE,2,24200,220-240,"1 Pha, 220-240V, 50Hz"
28 / 25 / 22,1,100,10.0,VERIFIED_TECHNICAL_TABLE,-38200,10900,-11.2,3.2,2_chieu,3.04,5.27,Tủ đứng đặt sàn,floor_standing,,PDF_TABLE_VISUAL_VERIFICATION,50Hz,50Hz,,FVA100AMVM,1,0,,o/9.5,75 (Chiều dài tương đương 90),30,heat_pump,FVA100AMVM/RZA100DV1,Điều hòa Daikin SkyAir Tủ đứng đặt sàn FVA100AMVM/RZA100DV1,50 / 47 / 44,Inverter cao cấp,RZA100DV1,RZA,1,Dàn nóng,25,IMPORT_READY,R32,R32,"noindex,follow",0,SkyAir RZA - Tủ đứng đặt sàn,FVA100AMVM-RZA100DV1,8,60,DAIKIN - CATALOGUE MÁY LẠNH THƯƠNG MẠI 2026 - SKY AIR.pdf,60,118|119,6,TECHNICAL_APPENDIX,F02E3C7B0F993D636630AB4C640D3C7662AA2BF0CC9F5F1957CF460DF7C659DE,2,34100,220-240,"1 Pha, 220-240V, 50Hz"
28 / 26 / 24,1,125,12.5,VERIFIED_TECHNICAL_TABLE,-47800,17100,-14.0,5.0,2_chieu,3.25,5.43,Tủ đứng đặt sàn,floor_standing,,PDF_TABLE_VISUAL_VERIFICATION,50Hz,50Hz,,FVA125AMVM,1,0,,o/9.5,75 (Chiều dài tương đương 90),30,heat_pump,FVA125AMVM/RZA125DV1,Điều hòa Daikin SkyAir Tủ đứng đặt sàn FVA125AMVM/RZA125DV1,51 / 48 / 46,Inverter cao cấp,RZA125DV1,RZA,1,Dàn nóng,25,IMPORT_READY,R32,R32,"noindex,follow",0,SkyAir RZA - Tủ đứng đặt sàn,FVA125AMVM-RZA125DV1,9,60,DAIKIN - CATALOGUE MÁY LẠNH THƯƠNG MẠI 2026 - SKY AIR.pdf,60,118|119,6,TECHNICAL_APPENDIX,F02E3C7B0F993D636630AB4C640D3C7662AA2BF0CC9F5F1957CF460DF7C659DE,2,42700,220-240,"1 Pha, 220-240V, 50Hz"
30 / 28 / 26,1,140,14.0,VERIFIED_TECHNICAL_TABLE,-54600,17100,-16.0,5.0,2_chieu,3.11,5.02,Tủ đứng đặt sàn,floor_standing,,PDF_TABLE_VISUAL_VERIFICATION,50Hz,50Hz,,FVA140AMVM,1,0,,o/9.5,75 (Chiều dài tương đương 90),30,heat_pump,FVA140AMVM/RZA140DV1,Điều hòa Daikin SkyAir Tủ đứng đặt sàn FVA140AMVM/RZA140DV1,53 / 51 / 48,Inverter cao cấp,RZA140DV1,RZA,1,Dàn nóng,25,IMPORT_READY,R32,R32,"noindex,follow",0,SkyAir RZA - Tủ đứng đặt sàn,FVA140AMVM-RZA140DV1,10,60,DAIKIN - CATALOGUE MÁY LẠNH THƯƠNG MẠI 2026 - SKY AIR.pdf,60,118|119,6,TECHNICAL_APPENDIX,F02E3C7B0F993D636630AB4C640D3C7662AA2BF0CC9F5F1957CF460DF7C659DE,2,47800,220-240,"1 Pha, 220-240V, 50Hz"
15 / 13.5 / 12 / 11 / 10,1,50,5.0,VERIFIED_TECHNICAL_TABLE,-20500,4800,-6.0,1.4,2_chieu,3.85,6.12,Áp trần,ceiling_suspended,,PDF_TABLE_VISUAL_VERIFICATION,50Hz,50Hz,,FHA50CVMV,1,0,,o/9.5,50 (Chiều dài tương đương 70),30,heat_pump,FHA50CVMV/RZA50DV2V,Điều hòa Daikin SkyAir Áp trần FHA50CVMV/RZA50DV2V,37 / 36 / 35 / 33.5 / 32,Inverter cao cấp,RZA50DV2V,RZA,1,Dàn nóng,23,IMPORT_READY,R32,R32,"noindex,follow",0,SkyAir RZA - Áp trần,FHA50CVMV-RZA50DV2V,5,60,DAIKIN - CATALOGUE MÁY LẠNH THƯƠNG MẠI 2026 - SKY AIR.pdf,60,118|119,6,TECHNICAL_APPENDIX,F02E3C7B0F993D636630AB4C640D3C7662AA2BF0CC9F5F1957CF460DF7C659DE,3,17100,220,"1 Phase, 220V, 50Hz"
15 / 13.5 / 12 / 11 / 10,1,60,6.0,VERIFIED_TECHNICAL_TABLE,-24200,4800,-7.1,1.4,2_chieu,3.61,5.65,Áp trần,ceiling_suspended,,PDF_TABLE_VISUAL_VERIFICATION,50Hz,50Hz,,FHA60CVMV,1,0,,o/9.5,50 (Chiều dài tương đương 70),30,heat_pump,FHA60CVMV/RZA60DV2V,Điều hòa Daikin SkyAir Áp trần FHA60CVMV/RZA60DV2V,37 / 36 / 35 / 33.5 / 32,Inverter cao cấp,RZA60DV2V,RZA,1,Dàn nóng,23,IMPORT_READY,R32,R32,"noindex,follow",0,SkyAir RZA - Áp trần,FHA60CVMV-RZA60DV2V,6,60,DAIKIN - CATALOGUE MÁY LẠNH THƯƠNG MẠI 2026 - SKY AIR.pdf,60,118|119,6,TECHNICAL_APPENDIX,F02E3C7B0F993D636630AB4C640D3C7662AA2BF0CC9F5F1957CF460DF7C659DE,3,20500,220,"1 Phase, 220V, 50Hz"
20.5 / 18.8 / 17 / 15.5 / 14,1,71,7.1,VERIFIED_TECHNICAL_TABLE,-27300,10900,-8.0,3.2,2_chieu,3.40,5.61,Áp trần,ceiling_suspended,,PDF_TABLE_VISUAL_VERIFICATION,50Hz,50Hz,,FHA71CVMV,1,0,,o/9.5,75 (Chiều dài tương đương 90),30,heat_pump,FHA71CVMV/RZA71DV1,Điều hòa Daikin SkyAir Áp trần FHA71CVMV/RZA71DV1,38 / 37 / 36 / 35 / 34,Inverter cao cấp,RZA71DV1,RZA,1,Dàn nóng,23,IMPORT_READY,R32,R32,"noindex,follow",0,SkyAir RZA - Áp trần,FHA71CVMV-RZA71DV1,7,60,DAIKIN - CATALOGUE MÁY LẠNH THƯƠNG MẠI 2026 - SKY AIR.pdf,60,118|119,6,TECHNICAL_APPENDIX,F02E3C7B0F993D636630AB4C640D3C7662AA2BF0CC9F5F1957CF460DF7C659DE,3,24200,220-240,"1 Phase, 220-240V, 50Hz"
28 / 26 / 24 / 22 / 20,1,100,10.0,VERIFIED_TECHNICAL_TABLE,-38200,10900,-11.2,3.2,2_chieu,3.11,5.37,Áp trần,ceiling_suspended,,PDF_TABLE_VISUAL_VERIFICATION,50Hz,50Hz,,FHA100CVMV,1,0,,o/9.5,75 (Chiều dài tương đương 90),30,heat_pump,FHA100CVMV/RZA100DV1,Điều hòa Daikin SkyAir Áp trần FHA100CVMV/RZA100DV1,42 / 40 / 38 / 36 / 34,Inverter cao cấp,RZA100DV1,RZA,1,Dàn nóng,23,IMPORT_READY,R32,R32,"noindex,follow",0,SkyAir RZA - Áp trần,FHA100CVMV-RZA100DV1,8,60,DAIKIN - CATALOGUE MÁY LẠNH THƯƠNG MẠI 2026 - SKY AIR.pdf,60,118|119,6,TECHNICAL_APPENDIX,F02E3C7B0F993D636630AB4C640D3C7662AA2BF0CC9F5F1957CF460DF7C659DE,3,34100,220-240,"1 Phase, 220-240V, 50Hz"
31 / 29 / 27 / 25 / 23,1,125,12.5,VERIFIED_TECHNICAL_TABLE,-47800,17100,-14.0,5.0,2_chieu,3.45,5.62,Áp trần,ceiling_suspended,,PDF_TABLE_VISUAL_VERIFICATION,50Hz,50Hz,,FHA125CVMA,1,0,,o/9.5,75 (Chiều dài tương đương 90),30,heat_pump,FHA125CVMA/RZA125DV1,Điều hòa Daikin SkyAir Áp trần FHA125CVMA/RZA125DV1,44 / 42.5 / 41 / 39 / 37,Inverter cao cấp,RZA125DV1,RZA,1,Dàn nóng,23,IMPORT_READY,R32,R32,"noindex,follow",0,SkyAir RZA - Áp trần,FHA125CVMA-RZA125DV1,9,60,DAIKIN - CATALOGUE MÁY LẠNH THƯƠNG MẠI 2026 - SKY AIR.pdf,60,118|119,6,TECHNICAL_APPENDIX,F02E3C7B0F993D636630AB4C640D3C7662AA2BF0CC9F5F1957CF460DF7C659DE,3,42700,220-240,"1 Phase, 220-240V, 50Hz"
34 / 31.5 / 29 / 26.5 / 24,1,140,14.0,VERIFIED_TECHNICAL_TABLE,-54600,17100,-16.0,5.0,2_chieu,3.13,5.02,Áp trần,ceiling_suspended,,PDF_TABLE_VISUAL_VERIFICATION,50Hz,50Hz,,FHA140CVMA,1,0,,o/9.5,75 (Chiều dài tương đương 90),30,heat_pump,FHA140CVMA/RZA140DV1,Điều hòa Daikin SkyAir Áp trần FHA140CVMA/RZA140DV1,46 / 44 / 42 / 40 / 38,Inverter cao cấp,RZA140DV1,RZA,1,Dàn nóng,23,IMPORT_READY,R32,R32,"noindex,follow",0,SkyAir RZA - Áp trần,FHA140CVMA-RZA140DV1,10,60,DAIKIN - CATALOGUE MÁY LẠNH THƯƠNG MẠI 2026 - SKY AIR.pdf,60,118|119,6,TECHNICAL_APPENDIX,F02E3C7B0F993D636630AB4C640D3C7662AA2BF0CC9F5F1957CF460DF7C659DE,3,47800,220-240,"1 Phase, 220-240V, 50Hz"
28 / 25 / 22,1,100,10.0,VERIFIED_TECHNICAL_TABLE,-38200,17100,-11.2,5.0,2_chieu,3.33,5.60,Tủ đứng đặt sàn,floor_standing,,PDF_TABLE_VISUAL_VERIFICATION,50Hz,50Hz,,FVA100AMVM,1,0,,o/9.5,75 (Chiều dài tương đương 90),30,heat_pump,FVA100AMVM/RZA100DY1,Điều hòa Daikin SkyAir Tủ đứng đặt sàn FVA100AMVM/RZA100DY1,50 / 47 / 44,Inverter cao cấp,RZA100DY1,RZA,3,Dàn nóng,25,IMPORT_READY,R32,R32,"noindex,follow",0,SkyAir RZA - Tủ đứng đặt sàn,FVA100AMVM-RZA100DY1,5,60,DAIKIN - CATALOGUE MÁY LẠNH THƯƠNG MẠI 2026 - SKY AIR.pdf,60,118|119,6,TECHNICAL_APPENDIX,F02E3C7B0F993D636630AB4C640D3C7662AA2BF0CC9F5F1957CF460DF7C659DE,4,34100,380-415,"3 Pha, 380-415V, 50Hz"
28 / 26 / 24,1,125,12.5,VERIFIED_TECHNICAL_TABLE,-47800,17100,-14.0,5.0,2_chieu,3.25,5.43,Tủ đứng đặt sàn,floor_standing,,PDF_TABLE_VISUAL_VERIFICATION,50Hz,50Hz,,FVA125AMVM,1,0,,o/9.5,75 (Chiều dài tương đương 90),30,heat_pump,FVA125AMVM/RZA125DY1,Điều hòa Daikin SkyAir Tủ đứng đặt sàn FVA125AMVM/RZA125DY1,51 / 48 / 46,Inverter cao cấp,RZA125DY1,RZA,3,Dàn nóng,25,IMPORT_READY,R32,R32,"noindex,follow",0,SkyAir RZA - Tủ đứng đặt sàn,FVA125AMVM-RZA125DY1,6,60,DAIKIN - CATALOGUE MÁY LẠNH THƯƠNG MẠI 2026 - SKY AIR.pdf,60,118|119,6,TECHNICAL_APPENDIX,F02E3C7B0F993D636630AB4C640D3C7662AA2BF0CC9F5F1957CF460DF7C659DE,4,42700,380-415,"3 Pha, 380-415V, 50Hz"
30 / 28 / 26,1,140,14.0,VERIFIED_TECHNICAL_TABLE,-54600,17100,-16.0,5.0,2_chieu,3.11,5.02,Tủ đứng đặt sàn,floor_standing,,PDF_TABLE_VISUAL_VERIFICATION,50Hz,50Hz,,FVA140AMVM,1,0,,o/9.5,75 (Chiều dài tương đương 90),30,heat_pump,FVA140AMVM/RZA140DY1,Điều hòa Daikin SkyAir Tủ đứng đặt sàn FVA140AMVM/RZA140DY1,53 / 51 / 48,Inverter cao cấp,RZA140DY1,RZA,3,Dàn nóng,25,IMPORT_READY,R32,R32,"noindex,follow",0,SkyAir RZA - Tủ đứng đặt sàn,FVA140AMVM-RZA140DY1,7,60,DAIKIN - CATALOGUE MÁY LẠNH THƯƠNG MẠI 2026 - SKY AIR.pdf,60,118|119,6,TECHNICAL_APPENDIX,F02E3C7B0F993D636630AB4C640D3C7662AA2BF0CC9F5F1957CF460DF7C659DE,4,47800,380-415,"3 Pha, 380-415V, 50Hz"
28 / 26 / 24 / 22 / 20,1,100,10.0,VERIFIED_TECHNICAL_TABLE,-38200,17100,-11.2,5.0,2_chieu,3.59,5.86,Áp trần,ceiling_suspended,,PDF_TABLE_VISUAL_VERIFICATION,50Hz,50Hz,,FHA100CVMV,1,0,,o/9.5,75 (Chiều dài tương đương 90),30,heat_pump,FHA100CVMV/RZA100DY1,Điều hòa Daikin SkyAir Áp trần FHA100CVMV/RZA100DY1,42 / 40 / 38 / 36 / 34,Inverter cao cấp,RZA100DY1,RZA,3,Dàn nóng,23,IMPORT_READY,R32,R32,"noindex,follow",0,SkyAir RZA - Áp trần,FHA100CVMV-RZA100DY1,5,60,DAIKIN - CATALOGUE MÁY LẠNH THƯƠNG MẠI 2026 - SKY AIR.pdf,60,118|119,6,TECHNICAL_APPENDIX,F02E3C7B0F993D636630AB4C640D3C7662AA2BF0CC9F5F1957CF460DF7C659DE,5,34100,380-415,"3 Phase, 380-415V, 50Hz"
31 / 29 / 27 / 25 / 23,1,125,12.5,VERIFIED_TECHNICAL_TABLE,-47800,17100,-14.0,5.0,2_chieu,3.45,5.62,Áp trần,ceiling_suspended,,PDF_TABLE_VISUAL_VERIFICATION,50Hz,50Hz,,FHA125CVMA,1,0,,o/9.5,75 (Chiều dài tương đương 90),30,heat_pump,FHA125CVMA/RZA125DY1,Điều hòa Daikin SkyAir Áp trần FHA125CVMA/RZA125DY1,44 / 42.5 / 41 / 39 / 37,Inverter cao cấp,RZA125DY1,RZA,3,Dàn nóng,23,IMPORT_READY,R32,R32,"noindex,follow",0,SkyAir RZA - Áp trần,FHA125CVMA-RZA125DY1,6,60,DAIKIN - CATALOGUE MÁY LẠNH THƯƠNG MẠI 2026 - SKY AIR.pdf,60,118|119,6,TECHNICAL_APPENDIX,F02E3C7B0F993D636630AB4C640D3C7662AA2BF0CC9F5F1957CF460DF7C659DE,5,42700,380-415,"3 Phase, 380-415V, 50Hz"
34 / 31.5 / 29 / 26.5 / 24,1,140,14.0,VERIFIED_TECHNICAL_TABLE,-54600,17100,-16.0,5.0,2_chieu,3.13,5.02,Áp trần,ceiling_suspended,,PDF_TABLE_VISUAL_VERIFICATION,50Hz,50Hz,,FHA140CVMA,1,0,,o/9.5,75 (Chiều dài tương đương 90),30,heat_pump,FHA140CVMA/RZA140DY1,Điều hòa Daikin SkyAir Áp trần FHA140CVMA/RZA140DY1,46 / 44 / 42 / 40 / 38,Inverter cao cấp,RZA140DY1,RZA,3,Dàn nóng,23,IMPORT_READY,R32,R32,"noindex,follow",0,SkyAir RZA - Áp trần,FHA140CVMA-RZA140DY1,7,60,DAIKIN - CATALOGUE MÁY LẠNH THƯƠNG MẠI 2026 - SKY AIR.pdf,60,118|119,6,TECHNICAL_APPENDIX,F02E3C7B0F993D636630AB4C640D3C7662AA2BF0CC9F5F1957CF460DF7C659DE,5,47800,380-415,"3 Phase, 380-415V, 50Hz"
19 / 14 / 11,1,40,4.0,VERIFIED_TECHNICAL_TABLE,-15400,6100,-4.5,1.8,1_chieu,4.26,6.18,Round Flow,cassette,,PDF_TABLE_VISUAL_VERIFICATION,50 / 60Hz,50 / 60Hz,,FCFC40DVM,1,0,,o/6.4,30 (Chiều dài tương đương 40),15,cooling_only,FCFC40DVM/RZFC40EVM,Điều hòa Daikin SkyAir Round Flow FCFC40DVM/RZFC40EVM,37 / 32 / 28,Inverter tiêu chuẩn,RZFC40EVM,RZFC,1,Dàn nóng,24,IMPORT_READY,R32,R32,"noindex,follow",0,SkyAir RZFC - Round Flow,FCFC40DVM-RZFC40EVM,6,61,DAIKIN - CATALOGUE MÁY LẠNH THƯƠNG MẠI 2026 - SKY AIR.pdf,61,120|121,6,TECHNICAL_APPENDIX,F02E3C7B0F993D636630AB4C640D3C7662AA2BF0CC9F5F1957CF460DF7C659DE,2,13600,220-240/220-230,"1 Pha, 220-240 / 220-230V, 50 / 60Hz"
19 / 14 / 11,1,50,5.0,VERIFIED_TECHNICAL_TABLE,-19100,7800,-5.6,2.3,1_chieu,3.68,5.71,Round Flow,cassette,,PDF_TABLE_VISUAL_VERIFICATION,50 / 60Hz,50 / 60Hz,,FCFC50DVM,1,0,,o/6.4,30 (Chiều dài tương đương 40),15,cooling_only,FCFC50DVM/RZFC50EVM,Điều hòa Daikin SkyAir Round Flow FCFC50DVM/RZFC50EVM,37 / 32 / 28,Inverter tiêu chuẩn,RZFC50EVM,RZFC,1,Dàn nóng,24,IMPORT_READY,R32,R32,"noindex,follow",0,SkyAir RZFC - Round Flow,FCFC50DVM-RZFC50EVM,7,61,DAIKIN - CATALOGUE MÁY LẠNH THƯƠNG MẠI 2026 - SKY AIR.pdf,61,120|121,6,TECHNICAL_APPENDIX,F02E3C7B0F993D636630AB4C640D3C7662AA2BF0CC9F5F1957CF460DF7C659DE,2,17100,220-240/220-230,"1 Pha, 220-240 / 220-230V, 50 / 60Hz"
19 / 14 / 11,1,60,6.0,VERIFIED_TECHNICAL_TABLE,-21500,8900,-6.3,2.6,1_chieu,3.21,5.51,Round Flow,cassette,,PDF_TABLE_VISUAL_VERIFICATION,50 / 60Hz,50 / 60Hz,,FCFC60DVM,1,0,,o/6.4,30 (Chiều dài tương đương 40),15,cooling_only,FCFC60DVM/RZFC60EVM,Điều hòa Daikin SkyAir Round Flow FCFC60DVM/RZFC60EVM,37 / 32 / 28,Inverter tiêu chuẩn,RZFC60EVM,RZFC,1,Dàn nóng,24,IMPORT_READY,R32,R32,"noindex,follow",0,SkyAir RZFC - Round Flow,FCFC60DVM-RZFC60EVM,8,61,DAIKIN - CATALOGUE MÁY LẠNH THƯƠNG MẠI 2026 - SKY AIR.pdf,61,120|121,6,TECHNICAL_APPENDIX,F02E3C7B0F993D636630AB4C640D3C7662AA2BF0CC9F5F1957CF460DF7C659DE,2,20500,220-240/220-230,"1 Pha, 220-240 / 220-230V, 50 / 60Hz"
23 / 18 / 13,1,71,7.1,VERIFIED_TECHNICAL_TABLE,-27300,10900,-8.0,3.2,1_chieu,3.48,5.51,Round Flow,cassette,,PDF_TABLE_VISUAL_VERIFICATION,50 / 60Hz,50 / 60Hz,,FCFC71DVM,1,0,,o/9.5,30 (Chiều dài tương đương 40),15,cooling_only,FCFC71DVM/RZFC71EVM,Điều hòa Daikin SkyAir Round Flow FCFC71DVM/RZFC71EVM,37 / 34 / 28,Inverter tiêu chuẩn,RZFC71EVM,RZFC,1,Dàn nóng,24,IMPORT_READY,R32,R32,"noindex,follow",0,SkyAir RZFC - Round Flow,FCFC71DVM-RZFC71EVM,9,61,DAIKIN - CATALOGUE MÁY LẠNH THƯƠNG MẠI 2026 - SKY AIR.pdf,61,120|121,6,TECHNICAL_APPENDIX,F02E3C7B0F993D636630AB4C640D3C7662AA2BF0CC9F5F1957CF460DF7C659DE,2,24200,220-240/220-230,"1 Pha, 220-240 / 220-230V, 50 / 60Hz"
23 / 18 / 13,1,85,8.5,VERIFIED_TECHNICAL_TABLE,-34100,14300,-10.0,4.2,1_chieu,3.28,5.09,Round Flow,cassette,,PDF_TABLE_VISUAL_VERIFICATION,50 / 60Hz,50 / 60Hz,,FCFC85DVM,1,0,,o/9.5,50 (Chiều dài tương đương 70),30,cooling_only,FCFC85DVM/RZFC85EVM,Điều hòa Daikin SkyAir Round Flow FCFC85DVM/RZFC85EVM,38 / 34 / 29,Inverter tiêu chuẩn,RZFC85EVM,RZFC,1,Dàn nóng,24,IMPORT_READY,R32,R32,"noindex,follow",0,SkyAir RZFC - Round Flow,FCFC85DVM-RZFC85EVM,10,61,DAIKIN - CATALOGUE MÁY LẠNH THƯƠNG MẠI 2026 - SKY AIR.pdf,61,120|121,6,TECHNICAL_APPENDIX,F02E3C7B0F993D636630AB4C640D3C7662AA2BF0CC9F5F1957CF460DF7C659DE,2,29000,220-240/220-230,"1 Pha, 220-240 / 220-230V, 50 / 60Hz"
34 / 27 / 20,1,100,10.0,VERIFIED_TECHNICAL_TABLE,-38200,17100,-11.2,5.0,1_chieu,3.09,4.90,Round Flow,cassette,,PDF_TABLE_VISUAL_VERIFICATION,50 / 60Hz,50 / 60Hz,,FCFC100DVM,1,0,,o/9.5,50 (Chiều dài tương đương 70),30,cooling_only,FCFC100DVM/RZFC100EVM,Điều hòa Daikin SkyAir Round Flow FCFC100DVM/RZFC100EVM,45 / 38 / 33,Inverter tiêu chuẩn,RZFC100EVM,RZFC,1,Dàn nóng,24,IMPORT_READY,R32,R32,"noindex,follow",0,SkyAir RZFC - Round Flow,FCFC100DVM-RZFC100EVM,11,61,DAIKIN - CATALOGUE MÁY LẠNH THƯƠNG MẠI 2026 - SKY AIR.pdf,61,120|121,6,TECHNICAL_APPENDIX,F02E3C7B0F993D636630AB4C640D3C7662AA2BF0CC9F5F1957CF460DF7C659DE,2,34100,220-240/220-230,"1 Pha, 220-240 / 220-230V, 50 / 60Hz"
24.2 / 20.2 / 16.8 / 13.3,1,50,5.42,VERIFIED_TECHNICAL_TABLE,-19100,7800,-5.60,2.30,1_chieu,3.23,4.54.713,KIRIU Surround,cassette,,PDF_TABLE_VISUAL_VERIFICATION,50Hz,50Hz,,FCFG50AV1V,1,0,,6.4,30,15,cooling_only,FCFG50AV1V/RZFC50AV1V,Điều hòa Daikin SkyAir KIRIU Surround FCFG50AV1V/RZFC50AV1V,44 / 40 / 37 / 34,Inverter tiêu chuẩn,RZFC50AV1V,RZFC,1,Dàn nóng,24,IMPORT_READY,R32,R32,"noindex,follow",0,SkyAir RZFC - KIRIU Surround,FCFG50AV1V-RZFC50AV1V,6,61,DAIKIN - CATALOGUE MÁY LẠNH THƯƠNG MẠI 2026 - SKY AIR.pdf,61,120|121,6,TECHNICAL_APPENDIX,F02E3C7B0F993D636630AB4C640D3C7662AA2BF0CC9F5F1957CF460DF7C659DE,3,18500,220-240,"1 Pha, 220-240 / 50Hz"
24.2 / 20.2 / 16.8 / 13.3,1,60,6.0,VERIFIED_TECHNICAL_TABLE,-21500,8900,-6.30,2.60,1_chieu,3.07,4.34,KIRIU Surround,cassette,,PDF_TABLE_VISUAL_VERIFICATION,50Hz,50Hz,,FCFG60AV1V,1,0,,6.4,30,15,cooling_only,FCFG60AV1V/RZFC60AGV19,Điều hòa Daikin SkyAir KIRIU Surround FCFG60AV1V/RZFC60AGV19,44 / 40 / 37 / 34,Inverter tiêu chuẩn,RZFC60AGV19,RZFC,1,Dàn nóng,24,IMPORT_READY,R32,R32,"noindex,follow",0,SkyAir RZFC - KIRIU Surround,FCFG60AV1V-RZFC60AGV19,7,61,DAIKIN - CATALOGUE MÁY LẠNH THƯƠNG MẠI 2026 - SKY AIR.pdf,61,120|121,6,TECHNICAL_APPENDIX,F02E3C7B0F993D636630AB4C640D3C7662AA2BF0CC9F5F1957CF460DF7C659DE,3,20500,220-240,"1 Pha, 220-240 / 50Hz"
24.2 / 20.2 / 16.8 / 13.3,1,71,7.1,VERIFIED_TECHNICAL_TABLE,-27300,10900,-8.0,3.20,1_chieu,3.43,4.904.78,KIRIU Surround,cassette,,PDF_TABLE_VISUAL_VERIFICATION,50Hz,50Hz,,FCFG71AV1V,1,0,,9.5,30,15,cooling_only,FCFG71AV1V/RZFC71AGV19,Điều hòa Daikin SkyAir KIRIU Surround FCFG71AV1V/RZFC71AGV19,44 / 40 / 37 / 35,Inverter tiêu chuẩn,RZFC71AGV19,RZFC,1,Dàn nóng,24,IMPORT_READY,R32,R32,"noindex,follow",0,SkyAir RZFC - KIRIU Surround,FCFG71AV1V-RZFC71AGV19,8,61,DAIKIN - CATALOGUE MÁY LẠNH THƯƠNG MẠI 2026 - SKY AIR.pdf,61,120|121,6,TECHNICAL_APPENDIX,F02E3C7B0F993D636630AB4C640D3C7662AA2BF0CC9F5F1957CF460DF7C659DE,3,24200,220-240,"1 Pha, 220-240 / 50Hz"
24.2 / 20.2 / 16.8 / 13.3,1,85,8.79,VERIFIED_TECHNICAL_TABLE,-34100,14300,-10.0,4.20,1_chieu,3.24,4.67,KIRIU Surround,cassette,,PDF_TABLE_VISUAL_VERIFICATION,50Hz,50Hz,,FCFG85AV1V,1,0,,9.5,50,30,cooling_only,FCFG85AV1V/RZFC85AGV19,Điều hòa Daikin SkyAir KIRIU Surround FCFG85AV1V/RZFC85AGV19,44 / 40 / 37 / 35,Inverter tiêu chuẩn,RZFC85AGV19,RZFC,1,Dàn nóng,24,IMPORT_READY,R32,R32,"noindex,follow",0,SkyAir RZFC - KIRIU Surround,FCFG85AV1V-RZFC85AGV19,9,61,DAIKIN - CATALOGUE MÁY LẠNH THƯƠNG MẠI 2026 - SKY AIR.pdf,61,120|121,6,TECHNICAL_APPENDIX,F02E3C7B0F993D636630AB4C640D3C7662AA2BF0CC9F5F1957CF460DF7C659DE,3,30000,220-240,"1 Pha, 220-240 / 50Hz"
30.4 / 27.2 / 23.5 / 20.4,1,100,10.55,VERIFIED_TECHNICAL_TABLE,-38200,17100,-11.20,5.0,1_chieu,3.04,4.68,KIRIU Surround,cassette,,PDF_TABLE_VISUAL_VERIFICATION,50Hz,50Hz,,FCFG100AV1V,1,0,,9.5,50,30,cooling_only,FCFG100AV1V/RZFC100AV19,Điều hòa Daikin SkyAir KIRIU Surround FCFG100AV1V/RZFC100AV19,48 / 46 / 43 / 40,Inverter tiêu chuẩn,RZFC100AV19,RZFC,1,Dàn nóng,24,IMPORT_READY,R32,R32,"noindex,follow",0,SkyAir RZFC - KIRIU Surround,FCFG100AV1V-RZFC100AV19,10,61,DAIKIN - CATALOGUE MÁY LẠNH THƯƠNG MẠI 2026 - SKY AIR.pdf,61,120|121,6,TECHNICAL_APPENDIX,F02E3C7B0F993D636630AB4C640D3C7662AA2BF0CC9F5F1957CF460DF7C659DE,3,36000,220-240,"1 Pha, 220-240 / 50Hz"
30.4 / 27.2 / 23.5 / 20.4,1,125,12.31,VERIFIED_TECHNICAL_TABLE,-47800,19500,-14.0,5.70,1_chieu,2.92,4.67 4.29,KIRIU Surround,cassette,,PDF_TABLE_VISUAL_VERIFICATION,50Hz,50Hz,,FCFG125AV1V,1,0,,9.5,50,30,cooling_only,FCFG125AV1V/RZFC125AY19,Điều hòa Daikin SkyAir KIRIU Surround FCFG125AV1V/RZFC125AY19,48 / 46 / 43 / 40,Inverter tiêu chuẩn,RZFC125AY19,RZFC,3,Dàn nóng,24,IMPORT_READY,R32,R32,"noindex,follow",0,SkyAir RZFC - KIRIU Surround,FCFG125AV1V-RZFC125AY19,12,61,DAIKIN - CATALOGUE MÁY LẠNH THƯƠNG MẠI 2026 - SKY AIR.pdf,61,120|121,6,TECHNICAL_APPENDIX,F02E3C7B0F993D636630AB4C640D3C7662AA2BF0CC9F5F1957CF460DF7C659DE,3,42000,380-415,"3 Pha, 380-415 / 50Hz"
30.4 / 27.2 / 23.5 / 20.4,1,101040,14.07,VERIFIED_TECHNICAL_TABLE,52900,21200,15.50,6.20,1_chieu,2.58,4.10,KIRIU Surround,cassette,,PDF_TABLE_VISUAL_VERIFICATION,50Hz,50Hz,,FCFG140AV1V,1,0,,9.5,50,30,cooling_only,FCFG140AV1V/RZFC140AY19,Điều hòa Daikin SkyAir KIRIU Surround FCFG140AV1V/RZFC140AY19,48 / 46 / 43 / 40,Inverter tiêu chuẩn,RZFC140AY19,RZFC,3,Dàn nóng,24,IMPORT_READY,R32,R32,"noindex,follow",0,SkyAir RZFC - KIRIU Surround,FCFG140AV1V-RZFC140AY19,14,61,DAIKIN - CATALOGUE MÁY LẠNH THƯƠNG MẠI 2026 - SKY AIR.pdf,61,120|121,6,TECHNICAL_APPENDIX,F02E3C7B0F993D636630AB4C640D3C7662AA2BF0CC9F5F1957CF460DF7C659DE,3,48000,380-415,"3 Pha, 380-415 / 50Hz"
23 / 18 / 13,1,71,7.1,VERIFIED_TECHNICAL_TABLE,-27300,10900,-8.0,3.2,1_chieu,3.48,5.51,Round Flow,cassette,,PDF_TABLE_VISUAL_VERIFICATION,50Hz,50Hz,,FCFC71DVM,1,0,,o/9.5,50 (Chiều dài tương đương 70),30,cooling_only,FCFC71DVM/RZFC71EY1,Điều hòa Daikin SkyAir Round Flow FCFC71DVM/RZFC71EY1,37 / 34 / 28,Inverter tiêu chuẩn,RZFC71EY1,RZFC,3,Dàn nóng,24,IMPORT_READY,R32,R32,"noindex,follow",0,SkyAir RZFC - Round Flow,FCFC71DVM-RZFC71EY1,6,61,DAIKIN - CATALOGUE MÁY LẠNH THƯƠNG MẠI 2026 - SKY AIR.pdf,61,120|121,6,TECHNICAL_APPENDIX,F02E3C7B0F993D636630AB4C640D3C7662AA2BF0CC9F5F1957CF460DF7C659DE,4,24200,380-415,"3 Pha, 380-415V, 50Hz"
23 / 18 / 13,1,85,8.5,VERIFIED_TECHNICAL_TABLE,-34100,14300,-10.0,4.2,1_chieu,3.28,5.09,Round Flow,cassette,,PDF_TABLE_VISUAL_VERIFICATION,50Hz,50Hz,,FCFC85DVM,1,0,,o/9.5,50 (Chiều dài tương đương 70),30,cooling_only,FCFC85DVM/RZFC85EY1,Điều hòa Daikin SkyAir Round Flow FCFC85DVM/RZFC85EY1,38 / 34 / 29,Inverter tiêu chuẩn,RZFC85EY1,RZFC,3,Dàn nóng,24,IMPORT_READY,R32,R32,"noindex,follow",0,SkyAir RZFC - Round Flow,FCFC85DVM-RZFC85EY1,7,61,DAIKIN - CATALOGUE MÁY LẠNH THƯƠNG MẠI 2026 - SKY AIR.pdf,61,120|121,6,TECHNICAL_APPENDIX,F02E3C7B0F993D636630AB4C640D3C7662AA2BF0CC9F5F1957CF460DF7C659DE,4,29000,380-415,"3 Pha, 380-415V, 50Hz"
34 / 27 / 20,1,100,10.0,VERIFIED_TECHNICAL_TABLE,-38200,17100,-11.2,5.0,1_chieu,3.09,4.90,Round Flow,cassette,,PDF_TABLE_VISUAL_VERIFICATION,50Hz,50Hz,,FCFC100DVM,1,0,,o/9.5,50 (Chiều dài tương đương 70),30,cooling_only,FCFC100DVM/RZFC100EY1,Điều hòa Daikin SkyAir Round Flow FCFC100DVM/RZFC100EY1,45 / 38 / 33,Inverter tiêu chuẩn,RZFC100EY1,RZFC,3,Dàn nóng,24,IMPORT_READY,R32,R32,"noindex,follow",0,SkyAir RZFC - Round Flow,FCFC100DVM-RZFC100EY1,8,61,DAIKIN - CATALOGUE MÁY LẠNH THƯƠNG MẠI 2026 - SKY AIR.pdf,61,120|121,6,TECHNICAL_APPENDIX,F02E3C7B0F993D636630AB4C640D3C7662AA2BF0CC9F5F1957CF460DF7C659DE,4,34100,380-415,"3 Pha, 380-415V, 50Hz"
36 / 29 / 21,1,125,12.5,VERIFIED_TECHNICAL_TABLE,-47800,19500,-14.0,5.7,1_chieu,2.99,4.72,Round Flow,cassette,,PDF_TABLE_VISUAL_VERIFICATION,50Hz,50Hz,,FCFC125DVM,1,0,,o/9.5,50 (Chiều dài tương đương 70),30,cooling_only,FCFC125DVM/RZFC125EY1,Điều hòa Daikin SkyAir Round Flow FCFC125DVM/RZFC125EY1,46 / 40 / 33,Inverter tiêu chuẩn,RZFC125EY1,RZFC,3,Dàn nóng,24,IMPORT_READY,R32,R32,"noindex,follow",0,SkyAir RZFC - Round Flow,FCFC125DVM-RZFC125EY1,9,61,DAIKIN - CATALOGUE MÁY LẠNH THƯƠNG MẠI 2026 - SKY AIR.pdf,61,120|121,6,TECHNICAL_APPENDIX,F02E3C7B0F993D636630AB4C640D3C7662AA2BF0CC9F5F1957CF460DF7C659DE,4,42700,380-415,"3 Pha, 380-415V, 50Hz"
36 / 29 / 21,1,140,14.0,VERIFIED_TECHNICAL_TABLE,-52900,21200,-15.5,6.2,1_chieu,2.53,4.72,Round Flow,cassette,,PDF_TABLE_VISUAL_VERIFICATION,50Hz,50Hz,,FCFC140DVM,1,0,,o/9.5,50 (Chiều dài tương đương 70),30,cooling_only,FCFC140DVM/RZFC140EY1,Điều hòa Daikin SkyAir Round Flow FCFC140DVM/RZFC140EY1,46 / 40 / 33,Inverter tiêu chuẩn,RZFC140EY1,RZFC,3,Dàn nóng,24,IMPORT_READY,R32,R32,"noindex,follow",0,SkyAir RZFC - Round Flow,FCFC140DVM-RZFC140EY1,10,61,DAIKIN - CATALOGUE MÁY LẠNH THƯƠNG MẠI 2026 - SKY AIR.pdf,61,120|121,6,TECHNICAL_APPENDIX,F02E3C7B0F993D636630AB4C640D3C7662AA2BF0CC9F5F1957CF460DF7C659DE,4,47800,380-415,"3 Pha, 380-415V, 50Hz"
10 / 8.5 / 6.5,1,35,3.5,VERIFIED_TECHNICAL_TABLE,-13600,4400,-4.0,1.3,1_chieu,3.70,5.50,4 hướng thổi nhỏ gọn,cassette,,PDF_TABLE_VISUAL_VERIFICATION,50 / 60Hz,50 / 60Hz,,FFFC35AVM,1,0,,o/6.4,20 (Chiều dài tương đương 45),15,cooling_only,FFFC35AVM/RZFC35EVM,Điều hòa Daikin SkyAir 4 hướng thổi nhỏ gọn FFFC35AVM/RZFC35EVM,34 / 30.5 / 25,Inverter tiêu chuẩn,RZFC35EVM,RZFC,1,Dàn nóng,24,IMPORT_READY,R32,R32,"noindex,follow",0,SkyAir RZFC - 4 hướng thổi nhỏ gọn,FFFC35AVM-RZFC35EVM,6,61,DAIKIN - CATALOGUE MÁY LẠNH THƯƠNG MẠI 2026 - SKY AIR.pdf,61,120|121,6,TECHNICAL_APPENDIX,F02E3C7B0F993D636630AB4C640D3C7662AA2BF0CC9F5F1957CF460DF7C659DE,5,11900,220-240/220-230,"1 Pha, 220-240 / 220-230V, 50 / 60Hz"
12 / 10 / 7.5,1,50,5.0,VERIFIED_TECHNICAL_TABLE,-19400,7500,-5.7,2.2,1_chieu,3.60,5.37,4 hướng thổi nhỏ gọn,cassette,,PDF_TABLE_VISUAL_VERIFICATION,50 / 60Hz,50 / 60Hz,,FFFC50AVM,1,0,,o/6.4,30 (Chiều dài tương đương 40),15,cooling_only,FFFC50AVM/RZFC50EVM,Điều hòa Daikin SkyAir 4 hướng thổi nhỏ gọn FFFC50AVM/RZFC50EVM,39 / 34 / 27,Inverter tiêu chuẩn,RZFC50EVM,RZFC,1,Dàn nóng,24,IMPORT_READY,R32,R32,"noindex,follow",0,SkyAir RZFC - 4 hướng thổi nhỏ gọn,FFFC50AVM-RZFC50EVM,7,61,DAIKIN - CATALOGUE MÁY LẠNH THƯƠNG MẠI 2026 - SKY AIR.pdf,61,120|121,6,TECHNICAL_APPENDIX,F02E3C7B0F993D636630AB4C640D3C7662AA2BF0CC9F5F1957CF460DF7C659DE,5,17100,220-240/220-230,"1 Pha, 220-240 / 220-230V, 50 / 60Hz"
15 / 12.5 / 9.5,1,60,6.0,VERIFIED_TECHNICAL_TABLE,-21800,8500,-6.4,2.5,1_chieu,3.19,5.10,4 hướng thổi nhỏ gọn,cassette,,PDF_TABLE_VISUAL_VERIFICATION,50 / 60Hz,50 / 60Hz,,FFFC60AVM,1,0,,o/6.4,30 (Chiều dài tương đương 40),15,cooling_only,FFFC60AVM/RZFC60EVM,Điều hòa Daikin SkyAir 4 hướng thổi nhỏ gọn FFFC60AVM/RZFC60EVM,44 / 40 / 32,Inverter tiêu chuẩn,RZFC60EVM,RZFC,1,Dàn nóng,24,IMPORT_READY,R32,R32,"noindex,follow",0,SkyAir RZFC - 4 hướng thổi nhỏ gọn,FFFC60AVM-RZFC60EVM,8,61,DAIKIN - CATALOGUE MÁY LẠNH THƯƠNG MẠI 2026 - SKY AIR.pdf,61,120|121,6,TECHNICAL_APPENDIX,F02E3C7B0F993D636630AB4C640D3C7662AA2BF0CC9F5F1957CF460DF7C659DE,5,20500,220-240/220-230,"1 Pha, 220-240 / 220-230V, 50 / 60Hz"
15.5 / 12.5 / 9.5,1,71,7.1,VERIFIED_TECHNICAL_TABLE,-27300,9600,-8.0,2.8,1_chieu,2.92,5.03,4 hướng thổi nhỏ gọn,cassette,,PDF_TABLE_VISUAL_VERIFICATION,50 / 60Hz,50 / 60Hz,,FFFC71AVM,1,0,,o/9.5,30 (Chiều dài tương đương 40),15,cooling_only,FFFC71AVM/RZFC71EVM,Điều hòa Daikin SkyAir 4 hướng thổi nhỏ gọn FFFC71AVM/RZFC71EVM,44.5 / 40 / 32,Inverter tiêu chuẩn,RZFC71EVM,RZFC,1,Dàn nóng,24,IMPORT_READY,R32,R32,"noindex,follow",0,SkyAir RZFC - 4 hướng thổi nhỏ gọn,FFFC71AVM-RZFC71EVM,9,61,DAIKIN - CATALOGUE MÁY LẠNH THƯƠNG MẠI 2026 - SKY AIR.pdf,61,120|121,6,TECHNICAL_APPENDIX,F02E3C7B0F993D636630AB4C640D3C7662AA2BF0CC9F5F1957CF460DF7C659DE,5,24200,220-240/220-230,"1 Pha, 220-240 / 220-230V, 50 / 60Hz"
15.5 / 12 / 9,1,40,4.0,VERIFIED_TECHNICAL_TABLE,-15400,6100,-4.5,1.8,1_chieu,3.64,4.82,Áp suất tĩnh trung bình,ducted,Định mức 30 (30-130),PDF_TABLE_VISUAL_VERIFICATION,50 / 60Hz,50 / 60Hz,,FBFC40DVM9,1,0,,o/6.4,30 (Chiều dài tương đương 40),15,cooling_only,FBFC40DVM9/RZFC40EVM,Điều hòa Daikin SkyAir Áp suất tĩnh trung bình FBFC40DVM9/RZFC40EVM,37 / 35 / 30,Inverter tiêu chuẩn,RZFC40EVM,RZFC,1,Dàn nóng,27,IMPORT_READY,R32,R32,"noindex,follow",0,SkyAir RZFC - Áp suất tĩnh trung bình,FBFC40DVM9-RZFC40EVM,7,62,DAIKIN - CATALOGUE MÁY LẠNH THƯƠNG MẠI 2026 - SKY AIR.pdf,62,122|123,7,TECHNICAL_APPENDIX,F02E3C7B0F993D636630AB4C640D3C7662AA2BF0CC9F5F1957CF460DF7C659DE,2,13600,220-240/220-230,"1 Pha, 220-240 / 220-230V, 50 / 60Hz"
15.5 / 12 / 9,1,50,5.0,VERIFIED_TECHNICAL_TABLE,-19100,7800,-5.6,2.3,1_chieu,3.16,4.60,Áp suất tĩnh trung bình,ducted,Định mức 30 (30-130),PDF_TABLE_VISUAL_VERIFICATION,50 / 60Hz,50 / 60Hz,,FBFC50DVM9,1,0,,o/6.4,30 (Chiều dài tương đương 40),15,cooling_only,FBFC50DVM9/RZFC50EVM,Điều hòa Daikin SkyAir Áp suất tĩnh trung bình FBFC50DVM9/RZFC50EVM,37 / 35 / 30,Inverter tiêu chuẩn,RZFC50EVM,RZFC,1,Dàn nóng,27,IMPORT_READY,R32,R32,"noindex,follow",0,SkyAir RZFC - Áp suất tĩnh trung bình,FBFC50DVM9-RZFC50EVM,8,62,DAIKIN - CATALOGUE MÁY LẠNH THƯƠNG MẠI 2026 - SKY AIR.pdf,62,122|123,7,TECHNICAL_APPENDIX,F02E3C7B0F993D636630AB4C640D3C7662AA2BF0CC9F5F1957CF460DF7C659DE,2,17000,220-240/220-230,"1 Pha, 220-240 / 220-230V, 50 / 60Hz"
15.5 / 12 / 9,1,60,6.0,VERIFIED_TECHNICAL_TABLE,-21500,8900,-6.3,2.6,1_chieu,2.93,4.45,Áp suất tĩnh trung bình,ducted,Định mức 30 (30-130),PDF_TABLE_VISUAL_VERIFICATION,50 / 60Hz,50 / 60Hz,,FBFC60DVM9,1,0,,o/6.4,30 (Chiều dài tương đương 40),15,cooling_only,FBFC60DVM9/RZFC60EVM,Điều hòa Daikin SkyAir Áp suất tĩnh trung bình FBFC60DVM9/RZFC60EVM,37 / 35 / 30,Inverter tiêu chuẩn,RZFC60EVM,RZFC,1,Dàn nóng,27,IMPORT_READY,R32,R32,"noindex,follow",0,SkyAir RZFC - Áp suất tĩnh trung bình,FBFC60DVM9-RZFC60EVM,9,62,DAIKIN - CATALOGUE MÁY LẠNH THƯƠNG MẠI 2026 - SKY AIR.pdf,62,122|123,7,TECHNICAL_APPENDIX,F02E3C7B0F993D636630AB4C640D3C7662AA2BF0CC9F5F1957CF460DF7C659DE,2,20500,220-240/220-230,"1 Pha, 220-240 / 220-230V, 50 / 60Hz"
25 / 20 / 16.5,1,71,7.1,VERIFIED_TECHNICAL_TABLE,-27300,10900,-8.0,3.2,1_chieu,3.02,4.38,Áp suất tĩnh trung bình,ducted,Định mức 40 (40-140),PDF_TABLE_VISUAL_VERIFICATION,50 / 60Hz,50 / 60Hz,,FBFC71DVM9,1,0,,o/9.5,30 (Chiều dài tương đương 40),15,cooling_only,FBFC71DVM9/RZFC71EVM,Điều hòa Daikin SkyAir Áp suất tĩnh trung bình FBFC71DVM9/RZFC71EVM,39 / 37 / 34,Inverter tiêu chuẩn,RZFC71EVM,RZFC,1,Dàn nóng,27,IMPORT_READY,R32,R32,"noindex,follow",0,SkyAir RZFC - Áp suất tĩnh trung bình,FBFC71DVM9-RZFC71EVM,10,62,DAIKIN - CATALOGUE MÁY LẠNH THƯƠNG MẠI 2026 - SKY AIR.pdf,62,122|123,7,TECHNICAL_APPENDIX,F02E3C7B0F993D636630AB4C640D3C7662AA2BF0CC9F5F1957CF460DF7C659DE,2,24200,220-240/220-230,"1 Pha, 220-240 / 220-230V, 50 / 60Hz"
25 / 20 / 16.5,1,85,8.5,VERIFIED_TECHNICAL_TABLE,-34100,14300,-10.0,4.2,1_chieu,3.24,4.38,Áp suất tĩnh trung bình,ducted,Định mức 40 (40-140),PDF_TABLE_VISUAL_VERIFICATION,50 / 60Hz,50 / 60Hz,,FBFC85DVM9,1,0,,o/9.5,50 (Chiều dài tương đương 70),30,cooling_only,FBFC85DVM9/RZFC85EVM,Điều hòa Daikin SkyAir Áp suất tĩnh trung bình FBFC85DVM9/RZFC85EVM,39 / 37 / 34,Inverter tiêu chuẩn,RZFC85EVM,RZFC,1,Dàn nóng,27,IMPORT_READY,R32,R32,"noindex,follow",0,SkyAir RZFC - Áp suất tĩnh trung bình,FBFC85DVM9-RZFC85EVM,11,62,DAIKIN - CATALOGUE MÁY LẠNH THƯƠNG MẠI 2026 - SKY AIR.pdf,62,122|123,7,TECHNICAL_APPENDIX,F02E3C7B0F993D636630AB4C640D3C7662AA2BF0CC9F5F1957CF460DF7C659DE,2,29000,220-240/220-230,"1 Pha, 220-240 / 220-230V, 50 / 60Hz"
36 / 30.5 / 25,1,100,10.0,VERIFIED_TECHNICAL_TABLE,-38200,17100,-11.2,5.0,1_chieu,2.87,4.38,Áp suất tĩnh trung bình,ducted,Định mức 50 (50-150),PDF_TABLE_VISUAL_VERIFICATION,50 / 60Hz,50 / 60Hz,,FBFC100DVM9,1,0,,o/9.5,50 (Chiều dài tương đương 70),30,cooling_only,FBFC100DVM9/RZFC100EVM,Điều hòa Daikin SkyAir Áp suất tĩnh trung bình FBFC100DVM9/RZFC100EVM,40 / 37.5 / 35,Inverter tiêu chuẩn,RZFC100EVM,RZFC,1,Dàn nóng,27,IMPORT_READY,R32,R32,"noindex,follow",0,SkyAir RZFC - Áp suất tĩnh trung bình,FBFC100DVM9-RZFC100EVM,12,62,DAIKIN - CATALOGUE MÁY LẠNH THƯƠNG MẠI 2026 - SKY AIR.pdf,62,122|123,7,TECHNICAL_APPENDIX,F02E3C7B0F993D636630AB4C640D3C7662AA2BF0CC9F5F1957CF460DF7C659DE,2,34100,220-240/220-230,"1 Pha, 220-240 / 220-230V, 50 / 60Hz"
16 / 14 / 12,1,40,4.0,VERIFIED_TECHNICAL_TABLE,-15400,6100,-4.5,1.8,1_chieu,3.70,4.98,Áp suất tĩnh thấp - chiều cao nhỏ gọn,ducted,Định mức 15 (15-38),PDF_TABLE_VISUAL_VERIFICATION,50 / 60Hz,50 / 60Hz,,FDLF40DV1,1,0,,o/6.4,30 (Chiều dài tương đương 40),15,cooling_only,FDLF40DV1/RZFC40EVM,Điều hòa Daikin SkyAir Áp suất tĩnh thấp - chiều cao nhỏ gọn FDLF40DV1/RZFC40EVM,37 / 33 / 30,Inverter tiêu chuẩn,RZFC40EVM,RZFC,1,Dàn nóng,27,IMPORT_READY,R32,R32,"noindex,follow",0,SkyAir RZFC - Áp suất tĩnh thấp - chiều cao nhỏ gọn,FDLF40DV1-RZFC40EVM,7,62,DAIKIN - CATALOGUE MÁY LẠNH THƯƠNG MẠI 2026 - SKY AIR.pdf,62,122|123,7,TECHNICAL_APPENDIX,F02E3C7B0F993D636630AB4C640D3C7662AA2BF0CC9F5F1957CF460DF7C659DE,3,13600,220-240/220-230,"1 Pha, 220-240 / 220-230V, 50 / 60Hz"
16 / 14 / 12,1,50,5.0,VERIFIED_TECHNICAL_TABLE,-19100,7800,-5.6,2.3,1_chieu,3.23,4.76,Áp suất tĩnh thấp - chiều cao nhỏ gọn,ducted,Định mức 15 (15-38),PDF_TABLE_VISUAL_VERIFICATION,50 / 60Hz,50 / 60Hz,,FDLF50DV1,1,0,,o/6.4,30 (Chiều dài tương đương 40),15,cooling_only,FDLF50DV1/RZFC50EVM,Điều hòa Daikin SkyAir Áp suất tĩnh thấp - chiều cao nhỏ gọn FDLF50DV1/RZFC50EVM,37 / 33 / 30,Inverter tiêu chuẩn,RZFC50EVM,RZFC,1,Dàn nóng,27,IMPORT_READY,R32,R32,"noindex,follow",0,SkyAir RZFC - Áp suất tĩnh thấp - chiều cao nhỏ gọn,FDLF50DV1-RZFC50EVM,8,62,DAIKIN - CATALOGUE MÁY LẠNH THƯƠNG MẠI 2026 - SKY AIR.pdf,62,122|123,7,TECHNICAL_APPENDIX,F02E3C7B0F993D636630AB4C640D3C7662AA2BF0CC9F5F1957CF460DF7C659DE,3,17000,220-240/220-230,"1 Pha, 220-240 / 220-230V, 50 / 60Hz"
16 / 14 / 12,1,60,6.0,VERIFIED_TECHNICAL_TABLE,-21500,8900,-6.3,2.6,1_chieu,2.93,4.25,Áp suất tĩnh thấp - chiều cao nhỏ gọn,ducted,Định mức 15 (15-38),PDF_TABLE_VISUAL_VERIFICATION,50 / 60Hz,50 / 60Hz,,FDLF60DV1,1,0,,o/6.4,30 (Chiều dài tương đương 40),15,cooling_only,FDLF60DV1/RZFC60EVM,Điều hòa Daikin SkyAir Áp suất tĩnh thấp - chiều cao nhỏ gọn FDLF60DV1/RZFC60EVM,37 / 33 / 30,Inverter tiêu chuẩn,RZFC60EVM,RZFC,1,Dàn nóng,27,IMPORT_READY,R32,R32,"noindex,follow",0,SkyAir RZFC - Áp suất tĩnh thấp - chiều cao nhỏ gọn,FDLF60DV1-RZFC60EVM,9,62,DAIKIN - CATALOGUE MÁY LẠNH THƯƠNG MẠI 2026 - SKY AIR.pdf,62,122|123,7,TECHNICAL_APPENDIX,F02E3C7B0F993D636630AB4C640D3C7662AA2BF0CC9F5F1957CF460DF7C659DE,3,20500,220-240/220-230,"1 Pha, 220-240 / 220-230V, 50 / 60Hz"
20 / 18 / 16.5,1,71,7.1,VERIFIED_TECHNICAL_TABLE,-27300,10900,-8.0,3.2,1_chieu,2.83,4.32,Áp suất tĩnh thấp - chiều cao nhỏ gọn,ducted,Định mức 15 (15-38),PDF_TABLE_VISUAL_VERIFICATION,50 / 60Hz,50 / 60Hz,,FDLF71DV1,1,0,,o/9.5,30 (Chiều dài tương đương 40),15,cooling_only,FDLF71DV1/RZFC71EVM,Điều hòa Daikin SkyAir Áp suất tĩnh thấp - chiều cao nhỏ gọn FDLF71DV1/RZFC71EVM,40 / 37 / 34,Inverter tiêu chuẩn,RZFC71EVM,RZFC,1,Dàn nóng,27,IMPORT_READY,R32,R32,"noindex,follow",0,SkyAir RZFC - Áp suất tĩnh thấp - chiều cao nhỏ gọn,FDLF71DV1-RZFC71EVM,10,62,DAIKIN - CATALOGUE MÁY LẠNH THƯƠNG MẠI 2026 - SKY AIR.pdf,62,122|123,7,TECHNICAL_APPENDIX,F02E3C7B0F993D636630AB4C640D3C7662AA2BF0CC9F5F1957CF460DF7C659DE,3,24200,220-240/220-230,"1 Pha, 220-240 / 220-230V, 50 / 60Hz"
20 / 18 / 16.5,1,85,8.5,VERIFIED_TECHNICAL_TABLE,-34100,14300,-10.0,4.2,1_chieu,2.68,4.08,Áp suất tĩnh thấp - chiều cao nhỏ gọn,ducted,Định mức 15 (15-38),PDF_TABLE_VISUAL_VERIFICATION,50 / 60Hz,50 / 60Hz,,FDLF85DV1,1,0,,o/9.5,50 (Chiều dài tương đương 70),30,cooling_only,FDLF85DV1/RZFC85EVM,Điều hòa Daikin SkyAir Áp suất tĩnh thấp - chiều cao nhỏ gọn FDLF85DV1/RZFC85EVM,40 / 37 / 34,Inverter tiêu chuẩn,RZFC85EVM,RZFC,1,Dàn nóng,27,IMPORT_READY,R32,R32,"noindex,follow",0,SkyAir RZFC - Áp suất tĩnh thấp - chiều cao nhỏ gọn,FDLF85DV1-RZFC85EVM,11,62,DAIKIN - CATALOGUE MÁY LẠNH THƯƠNG MẠI 2026 - SKY AIR.pdf,62,122|123,7,TECHNICAL_APPENDIX,F02E3C7B0F993D636630AB4C640D3C7662AA2BF0CC9F5F1957CF460DF7C659DE,3,29000,220-240/220-230,"1 Pha, 220-240 / 220-230V, 50 / 60Hz"
25 / 20 / 16.5,1,71,7.1,VERIFIED_TECHNICAL_TABLE,-27300,10900,-8.0,3.2,1_chieu,3.02,4.38,Áp suất tĩnh trung bình,ducted,Định mức 40 (40-140),PDF_TABLE_VISUAL_VERIFICATION,50Hz,50Hz,,FBFC71DVM9,1,0,,o/9.5,50 (Chiều dài tương đương 70),30,cooling_only,FBFC71DVM9/RZFC71EY1,Điều hòa Daikin SkyAir Áp suất tĩnh trung bình FBFC71DVM9/RZFC71EY1,39 / 37 / 34,Inverter tiêu chuẩn,RZFC71EY1,RZFC,3,Dàn nóng,27,IMPORT_READY,R32,R32,"noindex,follow",0,SkyAir RZFC - Áp suất tĩnh trung bình,FBFC71DVM9-RZFC71EY1,7,62,DAIKIN - CATALOGUE MÁY LẠNH THƯƠNG MẠI 2026 - SKY AIR.pdf,62,122|123,7,TECHNICAL_APPENDIX,F02E3C7B0F993D636630AB4C640D3C7662AA2BF0CC9F5F1957CF460DF7C659DE,4,24200,380-415,"3 Pha, 380-415V, 50Hz"
25 / 20 / 16.5,1,85,8.5,VERIFIED_TECHNICAL_TABLE,-34100,14300,-10.0,4.2,1_chieu,3.24,4.38,Áp suất tĩnh trung bình,ducted,Định mức 40 (40-140),PDF_TABLE_VISUAL_VERIFICATION,50Hz,50Hz,,FBFC85DVM9,1,0,,o/9.5,50 (Chiều dài tương đương 70),30,cooling_only,FBFC85DVM9/RZFC85EY1,Điều hòa Daikin SkyAir Áp suất tĩnh trung bình FBFC85DVM9/RZFC85EY1,39 / 37 / 34,Inverter tiêu chuẩn,RZFC85EY1,RZFC,3,Dàn nóng,27,IMPORT_READY,R32,R32,"noindex,follow",0,SkyAir RZFC - Áp suất tĩnh trung bình,FBFC85DVM9-RZFC85EY1,8,62,DAIKIN - CATALOGUE MÁY LẠNH THƯƠNG MẠI 2026 - SKY AIR.pdf,62,122|123,7,TECHNICAL_APPENDIX,F02E3C7B0F993D636630AB4C640D3C7662AA2BF0CC9F5F1957CF460DF7C659DE,4,29000,380-415,"3 Pha, 380-415V, 50Hz"
36 / 30.5 / 25,1,100,10.0,VERIFIED_TECHNICAL_TABLE,-38200,17100,-11.2,5.0,1_chieu,2.87,4.38,Áp suất tĩnh trung bình,ducted,Định mức 50 (50-150),PDF_TABLE_VISUAL_VERIFICATION,50Hz,50Hz,,FBFC100DVM9,1,0,,o/9.5,50 (Chiều dài tương đương 70),30,cooling_only,FBFC100DVM9/RZFC100EY1,Điều hòa Daikin SkyAir Áp suất tĩnh trung bình FBFC100DVM9/RZFC100EY1,40 / 37.5 / 35,Inverter tiêu chuẩn,RZFC100EY1,RZFC,3,Dàn nóng,27,IMPORT_READY,R32,R32,"noindex,follow",0,SkyAir RZFC - Áp suất tĩnh trung bình,FBFC100DVM9-RZFC100EY1,9,62,DAIKIN - CATALOGUE MÁY LẠNH THƯƠNG MẠI 2026 - SKY AIR.pdf,62,122|123,7,TECHNICAL_APPENDIX,F02E3C7B0F993D636630AB4C640D3C7662AA2BF0CC9F5F1957CF460DF7C659DE,4,34100,380-415,"3 Pha, 380-415V, 50Hz"
36 / 30.5 / 25,1,125,12.5,VERIFIED_TECHNICAL_TABLE,-47800,19500,-14.0,5.7,1_chieu,2.68,4.08,Áp suất tĩnh trung bình,ducted,Định mức 50 (50-150),PDF_TABLE_VISUAL_VERIFICATION,50Hz,50Hz,,FBFC125DVM9,1,0,,o/9.5,50 (Chiều dài tương đương 70),30,cooling_only,FBFC125DVM9/RZFC125EY1,Điều hòa Daikin SkyAir Áp suất tĩnh trung bình FBFC125DVM9/RZFC125EY1,40 / 37.5 / 35,Inverter tiêu chuẩn,RZFC125EY1,RZFC,3,Dàn nóng,27,IMPORT_READY,R32,R32,"noindex,follow",0,SkyAir RZFC - Áp suất tĩnh trung bình,FBFC125DVM9-RZFC125EY1,10,62,DAIKIN - CATALOGUE MÁY LẠNH THƯƠNG MẠI 2026 - SKY AIR.pdf,62,122|123,7,TECHNICAL_APPENDIX,F02E3C7B0F993D636630AB4C640D3C7662AA2BF0CC9F5F1957CF460DF7C659DE,4,42700,380-415,"3 Pha, 380-415V, 50Hz"
36 / 30.5 / 25,1,140,14.0,VERIFIED_TECHNICAL_TABLE,-52900,21200,-15.5,6.2,1_chieu,2.31,3.96,Áp suất tĩnh trung bình,ducted,Định mức 50 (50-150),PDF_TABLE_VISUAL_VERIFICATION,50Hz,50Hz,,FBFC140DVM9,1,0,,o/9.5,50 (Chiều dài tương đương 70),30,cooling_only,FBFC140DVM9/RZFC140EY1,Điều hòa Daikin SkyAir Áp suất tĩnh trung bình FBFC140DVM9/RZFC140EY1,40 / 37.5 / 35,Inverter tiêu chuẩn,RZFC140EY1,RZFC,3,Dàn nóng,27,IMPORT_READY,R32,R32,"noindex,follow",0,SkyAir RZFC - Áp suất tĩnh trung bình,FBFC140DVM9-RZFC140EY1,11,62,DAIKIN - CATALOGUE MÁY LẠNH THƯƠNG MẠI 2026 - SKY AIR.pdf,62,122|123,7,TECHNICAL_APPENDIX,F02E3C7B0F993D636630AB4C640D3C7662AA2BF0CC9F5F1957CF460DF7C659DE,4,47800,380-415,"3 Pha, 380-415V, 50Hz"
20 / 18 / 16.5,1,71,7.1,VERIFIED_TECHNICAL_TABLE,-27300,10900,-8.0,3.2,1_chieu,2.83,4.32,Áp suất tĩnh thấp - chiều cao nhỏ gọn,ducted,Định mức 15 (15-38),PDF_TABLE_VISUAL_VERIFICATION,50Hz,50Hz,,FDLF71DV1,1,0,,o/9.5,50 (Chiều dài tương đương 70),30,cooling_only,FDLF71DV1/RZFC71EY1,Điều hòa Daikin SkyAir Áp suất tĩnh thấp - chiều cao nhỏ gọn FDLF71DV1/RZFC71EY1,40 / 37 / 34,Inverter tiêu chuẩn,RZFC71EY1,RZFC,3,Dàn nóng,27,IMPORT_READY,R32,R32,"noindex,follow",0,SkyAir RZFC - Áp suất tĩnh thấp - chiều cao nhỏ gọn,FDLF71DV1-RZFC71EY1,7,62,DAIKIN - CATALOGUE MÁY LẠNH THƯƠNG MẠI 2026 - SKY AIR.pdf,62,122|123,7,TECHNICAL_APPENDIX,F02E3C7B0F993D636630AB4C640D3C7662AA2BF0CC9F5F1957CF460DF7C659DE,5,24200,380-415,"3 Pha, 380-415V, 50Hz"
20 / 18 / 16.5,1,85,8.5,VERIFIED_TECHNICAL_TABLE,-34100,14300,-10.0,4.2,1_chieu,2.68,4.08,Áp suất tĩnh thấp - chiều cao nhỏ gọn,ducted,Định mức 15 (15-38),PDF_TABLE_VISUAL_VERIFICATION,50Hz,50Hz,,FDLF85DV1,1,0,,o/9.5,50 (Chiều dài tương đương 70),30,cooling_only,FDLF85DV1/RZFC85EY1,Điều hòa Daikin SkyAir Áp suất tĩnh thấp - chiều cao nhỏ gọn FDLF85DV1/RZFC85EY1,40 / 37 / 34,Inverter tiêu chuẩn,RZFC85EY1,RZFC,3,Dàn nóng,27,IMPORT_READY,R32,R32,"noindex,follow",0,SkyAir RZFC - Áp suất tĩnh thấp - chiều cao nhỏ gọn,FDLF85DV1-RZFC85EY1,8,62,DAIKIN - CATALOGUE MÁY LẠNH THƯƠNG MẠI 2026 - SKY AIR.pdf,62,122|123,7,TECHNICAL_APPENDIX,F02E3C7B0F993D636630AB4C640D3C7662AA2BF0CC9F5F1957CF460DF7C659DE,5,29000,380-415,"3 Pha, 380-415V, 50Hz"
19.1 / 17.7 / 15,1,71,7.1,VERIFIED_TECHNICAL_TABLE,-27300,10900,-8.0,3.2,1_chieu,3.05,4.27,Tủ đứng đặt sàn,floor_standing,,PDF_TABLE_VISUAL_VERIFICATION,50Hz,50Hz,,FVFC71AV1,1,0,,9.5,30,15,cooling_only,FVFC71AV1/RZFC71AGV19,Điều hòa Daikin SkyAir Tủ đứng đặt sàn FVFC71AV1/RZFC71AGV19,44 / 42 / 39,Inverter tiêu chuẩn,RZFC71AGV19,RZFC,1,Dàn nóng,25,IMPORT_READY,R32,R32,"noindex,follow",0,SkyAir RZFC - Tủ đứng đặt sàn,FVFC71AV1-RZFC71AGV19,5,63,DAIKIN - CATALOGUE MÁY LẠNH THƯƠNG MẠI 2026 - SKY AIR.pdf,63,124|125,7,TECHNICAL_APPENDIX,F02E3C7B0F993D636630AB4C640D3C7662AA2BF0CC9F5F1957CF460DF7C659DE,2,24200,220-240,"1 Pha, 220-240V, 50Hz"
28.3 / 23.6 / 18.4,1,85,8.5,VERIFIED_TECHNICAL_TABLE,-31000,14300,-9.1,4.2,1_chieu,3.01,4.20,Tủ đứng đặt sàn,floor_standing,,PDF_TABLE_VISUAL_VERIFICATION,50Hz,50Hz,,FVFC85AV1,1,0,,9.5,50,30,cooling_only,FVFC85AV1/RZFC85AV19,Điều hòa Daikin SkyAir Tủ đứng đặt sàn FVFC85AV1/RZFC85AV19,47 / 44 / 41,Inverter tiêu chuẩn,RZFC85AV19,RZFC,1,Dàn nóng,25,IMPORT_READY,R32,R32,"noindex,follow",0,SkyAir RZFC - Tủ đứng đặt sàn,FVFC85AV1-RZFC85AV19,6,63,DAIKIN - CATALOGUE MÁY LẠNH THƯƠNG MẠI 2026 - SKY AIR.pdf,63,124|125,7,TECHNICAL_APPENDIX,F02E3C7B0F993D636630AB4C640D3C7662AA2BF0CC9F5F1957CF460DF7C659DE,2,29000,220-240,"1 Pha, 220-240V, 50Hz"
30.7 / 27.6 / 24.4,1,100,10.0,VERIFIED_TECHNICAL_TABLE,-38200,17100,-11.2,5.0,1_chieu,3.01,4.10,Tủ đứng đặt sàn,floor_standing,,PDF_TABLE_VISUAL_VERIFICATION,50Hz,50Hz,,FVFC100AV1,1,0,,9.5,50,30,cooling_only,FVFC100AV1/RZFC100AV19,Điều hòa Daikin SkyAir Tủ đứng đặt sàn FVFC100AV1/RZFC100AV19,49 / 47 / 44,Inverter tiêu chuẩn,RZFC100AV19,RZFC,1,Dàn nóng,25,IMPORT_READY,R32,R32,"noindex,follow",0,SkyAir RZFC - Tủ đứng đặt sàn,FVFC100AV1-RZFC100AV19,7,63,DAIKIN - CATALOGUE MÁY LẠNH THƯƠNG MẠI 2026 - SKY AIR.pdf,63,124|125,7,TECHNICAL_APPENDIX,F02E3C7B0F993D636630AB4C640D3C7662AA2BF0CC9F5F1957CF460DF7C659DE,2,34100,220-240,"1 Pha, 220-240V, 50Hz"
35.1 / 32.4 / 29.4,1,125,12.5,VERIFIED_TECHNICAL_TABLE,-46500,18200,-13.6,5.3,1_chieu,2.77,4.25,Tủ đứng đặt sàn,floor_standing,,PDF_TABLE_VISUAL_VERIFICATION,50Hz,50Hz,,FVFC125AV1,1,0,,9.5,50,30,cooling_only,FVFC125AV1/RZFC125AY19,Điều hòa Daikin SkyAir Tủ đứng đặt sàn FVFC125AV1/RZFC125AY19,53 / 51 / 49,Inverter tiêu chuẩn,RZFC125AY19,RZFC,3,Dàn nóng,25,IMPORT_READY,R32,R32,"noindex,follow",0,SkyAir RZFC - Tủ đứng đặt sàn,FVFC125AV1-RZFC125AY19,8,63,DAIKIN - CATALOGUE MÁY LẠNH THƯƠNG MẠI 2026 - SKY AIR.pdf,63,124|125,7,TECHNICAL_APPENDIX,F02E3C7B0F993D636630AB4C640D3C7662AA2BF0CC9F5F1957CF460DF7C659DE,2,42700,380-415,"3 Pha, 380-415V, 50Hz"
35.1 / 32.4 / 29.4,1,140,13.6,VERIFIED_TECHNICAL_TABLE,-49000,18200,-14.4,5.3,1_chieu,2.70,4.10,Tủ đứng đặt sàn,floor_standing,,PDF_TABLE_VISUAL_VERIFICATION,50Hz,50Hz,,FVFC140AV1,1,0,,9.5,50,30,cooling_only,FVFC140AV1/RZFC140AY19,Điều hòa Daikin SkyAir Tủ đứng đặt sàn FVFC140AV1/RZFC140AY19,53 / 51 / 49,Inverter tiêu chuẩn,RZFC140AY19,RZFC,3,Dàn nóng,25,IMPORT_READY,R32,R32,"noindex,follow",0,SkyAir RZFC - Tủ đứng đặt sàn,FVFC140AV1-RZFC140AY19,9,63,DAIKIN - CATALOGUE MÁY LẠNH THƯƠNG MẠI 2026 - SKY AIR.pdf,63,124|125,7,TECHNICAL_APPENDIX,F02E3C7B0F993D636630AB4C640D3C7662AA2BF0CC9F5F1957CF460DF7C659DE,2,46500,380-415,"3 Pha, 380-415V, 50Hz"
15 / 12 / 10,1,40,4.0,VERIFIED_TECHNICAL_TABLE,-15400,6100,-4.5,1.8,1_chieu,3.39,5.93,Áp trần,ceiling_suspended,,PDF_TABLE_VISUAL_VERIFICATION,50 / 60Hz,50 / 60Hz,,FHFC40EV1,1,0,,o/6.4,30 (Chiều dài tương đương 40),15,cooling_only,FHFC40EV1/RZFC40EVM,Điều hòa Daikin SkyAir Áp trần FHFC40EV1/RZFC40EVM,37 / 35 / 32,Inverter tiêu chuẩn,RZFC40EVM,RZFC,1,Dàn nóng,23,IMPORT_READY,R32,R32,"noindex,follow",0,SkyAir RZFC - Áp trần,FHFC40EV1-RZFC40EVM,6,63,DAIKIN - CATALOGUE MÁY LẠNH THƯƠNG MẠI 2026 - SKY AIR.pdf,63,124|125,6,TECHNICAL_APPENDIX,F02E3C7B0F993D636630AB4C640D3C7662AA2BF0CC9F5F1957CF460DF7C659DE,3,13600,220-240/220-230,"1 Pha 220-240 / 220-230V, 50 / 60Hz"
15 / 12 / 10,1,50,5.0,VERIFIED_TECHNICAL_TABLE,-19100,7800,-5.6,2.3,1_chieu,3.13,5.51,Áp trần,ceiling_suspended,,PDF_TABLE_VISUAL_VERIFICATION,50 / 60Hz,50 / 60Hz,,FHFC50EV1,1,0,,o/6.4,30 (Chiều dài tương đương 40),15,cooling_only,FHFC50EV1/RZFC50EVM,Điều hòa Daikin SkyAir Áp trần FHFC50EV1/RZFC50EVM,37 / 35 / 32,Inverter tiêu chuẩn,RZFC50EVM,RZFC,1,Dàn nóng,23,IMPORT_READY,R32,R32,"noindex,follow",0,SkyAir RZFC - Áp trần,FHFC50EV1-RZFC50EVM,7,63,DAIKIN - CATALOGUE MÁY LẠNH THƯƠNG MẠI 2026 - SKY AIR.pdf,63,124|125,6,TECHNICAL_APPENDIX,F02E3C7B0F993D636630AB4C640D3C7662AA2BF0CC9F5F1957CF460DF7C659DE,3,17100,220-240/220-230,"1 Pha 220-240 / 220-230V, 50 / 60Hz"
15 / 12 / 10,1,60,6.0,VERIFIED_TECHNICAL_TABLE,-21500,8900,-6.3,2.6,1_chieu,3.05,4.68,Áp trần,ceiling_suspended,,PDF_TABLE_VISUAL_VERIFICATION,50 / 60Hz,50 / 60Hz,,FHFC60EV1,1,0,,o/6.4,30 (Chiều dài tương đương 40),15,cooling_only,FHFC60EV1/RZFC60EVM,Điều hòa Daikin SkyAir Áp trần FHFC60EV1/RZFC60EVM,37 / 35 / 32,Inverter tiêu chuẩn,RZFC60EVM,RZFC,1,Dàn nóng,23,IMPORT_READY,R32,R32,"noindex,follow",0,SkyAir RZFC - Áp trần,FHFC60EV1-RZFC60EVM,8,63,DAIKIN - CATALOGUE MÁY LẠNH THƯƠNG MẠI 2026 - SKY AIR.pdf,63,124|125,6,TECHNICAL_APPENDIX,F02E3C7B0F993D636630AB4C640D3C7662AA2BF0CC9F5F1957CF460DF7C659DE,3,20500,220-240/220-230,"1 Pha 220-240 / 220-230V, 50 / 60Hz"
20.5 / 17 / 14,1,71,7.1,VERIFIED_TECHNICAL_TABLE,-27300,10900,-8.0,3.2,1_chieu,3.03,5.30,Áp trần,ceiling_suspended,,PDF_TABLE_VISUAL_VERIFICATION,50 / 60Hz,50 / 60Hz,,FHFC71EV1,1,0,,o/9.5,30 (Chiều dài tương đương 40),15,cooling_only,FHFC71EV1/RZFC71EVM,Điều hòa Daikin SkyAir Áp trần FHFC71EV1/RZFC71EVM,38 / 36 / 34,Inverter tiêu chuẩn,RZFC71EVM,RZFC,1,Dàn nóng,23,IMPORT_READY,R32,R32,"noindex,follow",0,SkyAir RZFC - Áp trần,FHFC71EV1-RZFC71EVM,9,63,DAIKIN - CATALOGUE MÁY LẠNH THƯƠNG MẠI 2026 - SKY AIR.pdf,63,124|125,6,TECHNICAL_APPENDIX,F02E3C7B0F993D636630AB4C640D3C7662AA2BF0CC9F5F1957CF460DF7C659DE,3,24200,220-240/220-230,"1 Pha 220-240 / 220-230V, 50 / 60Hz"
20.5 / 17 / 14,1,85,8.5,VERIFIED_TECHNICAL_TABLE,-34100,14300,-10.0,4.2,1_chieu,3.09,4.54,Áp trần,ceiling_suspended,,PDF_TABLE_VISUAL_VERIFICATION,50 / 60Hz,50 / 60Hz,,FHFC85EV1,1,0,,o/9.5,50 (Chiều dài tương đương 70),30,cooling_only,FHFC85EV1/RZFC85EVM,Điều hòa Daikin SkyAir Áp trần FHFC85EV1/RZFC85EVM,38 / 36 / 34,Inverter tiêu chuẩn,RZFC85EVM,RZFC,1,Dàn nóng,23,IMPORT_READY,R32,R32,"noindex,follow",0,SkyAir RZFC - Áp trần,FHFC85EV1-RZFC85EVM,10,63,DAIKIN - CATALOGUE MÁY LẠNH THƯƠNG MẠI 2026 - SKY AIR.pdf,63,124|125,6,TECHNICAL_APPENDIX,F02E3C7B0F993D636630AB4C640D3C7662AA2BF0CC9F5F1957CF460DF7C659DE,3,29000,220-240/220-230,"1 Pha 220-240 / 220-230V, 50 / 60Hz"
28 / 24 / 20,1,100,10.0,VERIFIED_TECHNICAL_TABLE,-38200,17100,-11.2,5.0,1_chieu,3.02,4.50,Áp trần,ceiling_suspended,,PDF_TABLE_VISUAL_VERIFICATION,50 / 60Hz,50 / 60Hz,,FHFC100EV1,1,0,,o/9.5,50 (Chiều dài tương đương 70),30,cooling_only,FHFC100EV1/RZFC100EVM,Điều hòa Daikin SkyAir Áp trần FHFC100EV1/RZFC100EVM,42 / 38 / 34,Inverter tiêu chuẩn,RZFC100EVM,RZFC,1,Dàn nóng,23,IMPORT_READY,R32,R32,"noindex,follow",0,SkyAir RZFC - Áp trần,FHFC100EV1-RZFC100EVM,11,63,DAIKIN - CATALOGUE MÁY LẠNH THƯƠNG MẠI 2026 - SKY AIR.pdf,63,124|125,6,TECHNICAL_APPENDIX,F02E3C7B0F993D636630AB4C640D3C7662AA2BF0CC9F5F1957CF460DF7C659DE,3,34100,220-240/220-230,"1 Pha 220-240 / 220-230V, 50 / 60Hz"
20.5 / 17 / 14,1,71,7.1,VERIFIED_TECHNICAL_TABLE,-27300,10900,-8.0,3.2,1_chieu,3.03,5.30,Áp trần,ceiling_suspended,,PDF_TABLE_VISUAL_VERIFICATION,50Hz,50Hz,,FHFC71EV1,1,0,,o/9.5,50 (Chiều dài tương đương 70),30,cooling_only,FHFC71EV1/RZFC71EY1,Điều hòa Daikin SkyAir Áp trần FHFC71EV1/RZFC71EY1,38 / 36 / 34,Inverter tiêu chuẩn,RZFC71EY1,RZFC,3,Dàn nóng,23,IMPORT_READY,R32,R32,"noindex,follow",0,SkyAir RZFC - Áp trần,FHFC71EV1-RZFC71EY1,6,63,DAIKIN - CATALOGUE MÁY LẠNH THƯƠNG MẠI 2026 - SKY AIR.pdf,63,124|125,6,TECHNICAL_APPENDIX,F02E3C7B0F993D636630AB4C640D3C7662AA2BF0CC9F5F1957CF460DF7C659DE,4,24200,380-415,"3 Pha, 380-415V, 50Hz"
20.5 / 17 / 14,1,85,8.5,VERIFIED_TECHNICAL_TABLE,-34100,14300,-10.0,4.2,1_chieu,3.09,4.54,Áp trần,ceiling_suspended,,PDF_TABLE_VISUAL_VERIFICATION,50Hz,50Hz,,FHFC85EV1,1,0,,o/9.5,50 (Chiều dài tương đương 70),30,cooling_only,FHFC85EV1/RZFC85EY1,Điều hòa Daikin SkyAir Áp trần FHFC85EV1/RZFC85EY1,38 / 36 / 34,Inverter tiêu chuẩn,RZFC85EY1,RZFC,3,Dàn nóng,23,IMPORT_READY,R32,R32,"noindex,follow",0,SkyAir RZFC - Áp trần,FHFC85EV1-RZFC85EY1,7,63,DAIKIN - CATALOGUE MÁY LẠNH THƯƠNG MẠI 2026 - SKY AIR.pdf,63,124|125,6,TECHNICAL_APPENDIX,F02E3C7B0F993D636630AB4C640D3C7662AA2BF0CC9F5F1957CF460DF7C659DE,4,29000,380-415,"3 Pha, 380-415V, 50Hz"
28 / 24 / 20,1,100,10.0,VERIFIED_TECHNICAL_TABLE,-38200,17100,-11.2,5.0,1_chieu,3.02,4.50,Áp trần,ceiling_suspended,,PDF_TABLE_VISUAL_VERIFICATION,50Hz,50Hz,,FHFC100EV1,1,0,,o/9.5,50 (Chiều dài tương đương 70),30,cooling_only,FHFC100EV1/RZFC100EY1,Điều hòa Daikin SkyAir Áp trần FHFC100EV1/RZFC100EY1,42 / 38 / 34,Inverter tiêu chuẩn,RZFC100EY1,RZFC,3,Dàn nóng,23,IMPORT_READY,R32,R32,"noindex,follow",0,SkyAir RZFC - Áp trần,FHFC100EV1-RZFC100EY1,8,63,DAIKIN - CATALOGUE MÁY LẠNH THƯƠNG MẠI 2026 - SKY AIR.pdf,63,124|125,6,TECHNICAL_APPENDIX,F02E3C7B0F993D636630AB4C640D3C7662AA2BF0CC9F5F1957CF460DF7C659DE,4,34100,380-415,"3 Pha, 380-415V, 50Hz"
31 / 27 / 23,1,125,12.5,VERIFIED_TECHNICAL_TABLE,-47800,19500,-14.0,5.7,1_chieu,3.11,4.20,Áp trần,ceiling_suspended,,PDF_TABLE_VISUAL_VERIFICATION,50Hz,50Hz,,FHFC125EV1,1,0,,o/9.5,50 (Chiều dài tương đương 70),30,cooling_only,FHFC125EV1/RZFC125EY1,Điều hòa Daikin SkyAir Áp trần FHFC125EV1/RZFC125EY1,44 / 41 / 37,Inverter tiêu chuẩn,RZFC125EY1,RZFC,3,Dàn nóng,23,IMPORT_READY,R32,R32,"noindex,follow",0,SkyAir RZFC - Áp trần,FHFC125EV1-RZFC125EY1,9,63,DAIKIN - CATALOGUE MÁY LẠNH THƯƠNG MẠI 2026 - SKY AIR.pdf,63,124|125,6,TECHNICAL_APPENDIX,F02E3C7B0F993D636630AB4C640D3C7662AA2BF0CC9F5F1957CF460DF7C659DE,4,42700,380-415,"3 Pha, 380-415V, 50Hz"
34 / 29 / 24,1,140,14.0,VERIFIED_TECHNICAL_TABLE,-52900,21200,-15.5,6.2,1_chieu,2.61,4.08,Áp trần,ceiling_suspended,,PDF_TABLE_VISUAL_VERIFICATION,50Hz,50Hz,,FHFC140EV1,1,0,,o/9.5,50 (Chiều dài tương đương 70),30,cooling_only,FHFC140EV1/RZFC140EY1,Điều hòa Daikin SkyAir Áp trần FHFC140EV1/RZFC140EY1,46 / 42 / 38,Inverter tiêu chuẩn,RZFC140EY1,RZFC,3,Dàn nóng,23,IMPORT_READY,R32,R32,"noindex,follow",0,SkyAir RZFC - Áp trần,FHFC140EV1-RZFC140EY1,10,63,DAIKIN - CATALOGUE MÁY LẠNH THƯƠNG MẠI 2026 - SKY AIR.pdf,63,124|125,6,TECHNICAL_APPENDIX,F02E3C7B0F993D636630AB4C640D3C7662AA2BF0CC9F5F1957CF460DF7C659DE,4,47800,380-415,"3 Pha, 380-415V, 50Hz"
13 / 10,1,13,3.8,VERIFIED_TECHNICAL_TABLE,,,,,1_chieu,3.07,3.26,4 hướng thổi,cassette,,PDF_TABLE_VISUAL_VERIFICATION,50 Hz,50 Hz,,FCNQ13MV1,0,0,,o/6.4,30,10,cooling_only,FCNQ13MV1/RNQ13MV1,Điều hòa Daikin SkyAir 4 hướng thổi FCNQ13MV1/RNQ13MV1,31 / 28,Tiêu chuẩn,RNQ13MV1,RNQ,1,Dàn nóng V1,24,IMPORT_READY,R410A,R410A,"noindex,follow",0,SkyAir RNQ - 4 hướng thổi,FCNQ13MV1-RNQ13MV1,7,64,DAIKIN - CATALOGUE MÁY LẠNH THƯƠNG MẠI 2026 - SKY AIR.pdf,64,126|127,8,TECHNICAL_APPENDIX,F02E3C7B0F993D636630AB4C640D3C7662AA2BF0CC9F5F1957CF460DF7C659DE,2,13000,220-240,"1 Pha, 220-240 V, 50 Hz"
13 / 10,1,18,5.3,VERIFIED_TECHNICAL_TABLE,,,,,1_chieu,2.80,2.97,4 hướng thổi,cassette,,PDF_TABLE_VISUAL_VERIFICATION,50 Hz,50 Hz,,FCNQ18MV1,0,0,,o/6.4,30,15,cooling_only,FCNQ18MV1/RNQ18MV19,Điều hòa Daikin SkyAir 4 hướng thổi FCNQ18MV1/RNQ18MV19,31 / 28,Tiêu chuẩn,RNQ18MV19,RNQ,1,Dàn nóng V1,24,IMPORT_READY,R410A,R410A,"noindex,follow",0,SkyAir RNQ - 4 hướng thổi,FCNQ18MV1-RNQ18MV19,8,64,DAIKIN - CATALOGUE MÁY LẠNH THƯƠNG MẠI 2026 - SKY AIR.pdf,64,126|127,8,TECHNICAL_APPENDIX,F02E3C7B0F993D636630AB4C640D3C7662AA2BF0CC9F5F1957CF460DF7C659DE,2,18000,220-240,"1 Pha, 220-240 V, 50 Hz"
21 / 13.5,1,21,6.2,VERIFIED_TECHNICAL_TABLE,,,,,1_chieu,2.80,2.97,4 hướng thổi,cassette,,PDF_TABLE_VISUAL_VERIFICATION,50 Hz,50 Hz,,FCNQ21MV1,0,0,,o/6.4,30,15,cooling_only,FCNQ21MV1/RNQ21MV19,Điều hòa Daikin SkyAir 4 hướng thổi FCNQ21MV1/RNQ21MV19,35 / 28,Tiêu chuẩn,RNQ21MV19,RNQ,1,Dàn nóng V1,24,IMPORT_READY,R410A,R410A,"noindex,follow",0,SkyAir RNQ - 4 hướng thổi,FCNQ21MV1-RNQ21MV19,9,64,DAIKIN - CATALOGUE MÁY LẠNH THƯƠNG MẠI 2026 - SKY AIR.pdf,64,126|127,8,TECHNICAL_APPENDIX,F02E3C7B0F993D636630AB4C640D3C7662AA2BF0CC9F5F1957CF460DF7C659DE,2,21000,220-240,"1 Pha, 220-240 V, 50 Hz"
21 / 13.5,1,26,7.6,VERIFIED_TECHNICAL_TABLE,,,,,1_chieu,3.00,3.19,4 hướng thổi,cassette,,PDF_TABLE_VISUAL_VERIFICATION,50 Hz,50 Hz,,FCNQ26MV1,0,0,,o/9.5,30 (Chiều dài tương đương 50),20,cooling_only,FCNQ26MV1/RNQ26MV19,Điều hòa Daikin SkyAir 4 hướng thổi FCNQ26MV1/RNQ26MV19,35 / 28,Tiêu chuẩn,RNQ26MV19,RNQ,1,Dàn nóng V1,24,IMPORT_READY,R410A,R410A,"noindex,follow",0,SkyAir RNQ - 4 hướng thổi,FCNQ26MV1-RNQ26MV19,10,64,DAIKIN - CATALOGUE MÁY LẠNH THƯƠNG MẠI 2026 - SKY AIR.pdf,64,126|127,8,TECHNICAL_APPENDIX,F02E3C7B0F993D636630AB4C640D3C7662AA2BF0CC9F5F1957CF460DF7C659DE,2,26000,220-240,"1 Pha, 220-240 V, 50 Hz"
21 / 13.5,1,26,7.6,VERIFIED_TECHNICAL_TABLE,,,,,1_chieu,3.00,3.19,4 hướng thổi,cassette,,PDF_TABLE_VISUAL_VERIFICATION,50 Hz,50 Hz,,FCNQ26MV1,0,0,,o/9.5,30 (Chiều dài tương đương 50),20,cooling_only,FCNQ26MV1/RNQ26MY1,Điều hòa Daikin SkyAir 4 hướng thổi FCNQ26MV1/RNQ26MY1,35 / 28,Tiêu chuẩn,RNQ26MY1,RNQ,1,Y1,24,IMPORT_READY,R410A,R410A,"noindex,follow",0,SkyAir RNQ - 4 hướng thổi,FCNQ26MV1-RNQ26MY1,10,64,DAIKIN - CATALOGUE MÁY LẠNH THƯƠNG MẠI 2026 - SKY AIR.pdf,64,126|127,8,TECHNICAL_APPENDIX,F02E3C7B0F993D636630AB4C640D3C7662AA2BF0CC9F5F1957CF460DF7C659DE,2,26000,220-240,"1 Pha, 220-240 V, 50 Hz"
32 / 20,1,30,8.8,VERIFIED_TECHNICAL_TABLE,,,,,1_chieu,3.22,3.42,4 hướng thổi,cassette,,PDF_TABLE_VISUAL_VERIFICATION,50 Hz,50 Hz,,FCNQ30MV1,0,0,,o/9.5,50 (Chiều dài tương đương 70),30,cooling_only,FCNQ30MV1/RNQ30MV1,Điều hòa Daikin SkyAir 4 hướng thổi FCNQ30MV1/RNQ30MV1,43 / 32,Tiêu chuẩn,RNQ30MV1,RNQ,1,Dàn nóng V1,24,IMPORT_READY,R410A,R410A,"noindex,follow",0,SkyAir RNQ - 4 hướng thổi,FCNQ30MV1-RNQ30MV1,11,64,DAIKIN - CATALOGUE MÁY LẠNH THƯƠNG MẠI 2026 - SKY AIR.pdf,64,126|127,8,TECHNICAL_APPENDIX,F02E3C7B0F993D636630AB4C640D3C7662AA2BF0CC9F5F1957CF460DF7C659DE,2,30000,220-240,"1 Pha, 220-240 V, 50 Hz"
32 / 20,1,30,8.8,VERIFIED_TECHNICAL_TABLE,,,,,1_chieu,3.22,3.42,4 hướng thổi,cassette,,PDF_TABLE_VISUAL_VERIFICATION,50 Hz,50 Hz,,FCNQ30MV1,0,0,,o/9.5,50 (Chiều dài tương đương 70),30,cooling_only,FCNQ30MV1/RNQ30MY1,Điều hòa Daikin SkyAir 4 hướng thổi FCNQ30MV1/RNQ30MY1,43 / 32,Tiêu chuẩn,RNQ30MY1,RNQ,1,Y1,24,IMPORT_READY,R410A,R410A,"noindex,follow",0,SkyAir RNQ - 4 hướng thổi,FCNQ30MV1-RNQ30MY1,11,64,DAIKIN - CATALOGUE MÁY LẠNH THƯƠNG MẠI 2026 - SKY AIR.pdf,64,126|127,8,TECHNICAL_APPENDIX,F02E3C7B0F993D636630AB4C640D3C7662AA2BF0CC9F5F1957CF460DF7C659DE,2,30000,220-240,"1 Pha, 220-240 V, 50 Hz"
32 / 20,1,36,10.6,VERIFIED_TECHNICAL_TABLE,,,,,1_chieu,3.20,3.39,4 hướng thổi,cassette,,PDF_TABLE_VISUAL_VERIFICATION,50 Hz,50 Hz,,FCNQ36MV1,0,0,,o/9.5,50 (Chiều dài tương đương 70),30,cooling_only,FCNQ36MV1/RNQ36MV1,Điều hòa Daikin SkyAir 4 hướng thổi FCNQ36MV1/RNQ36MV1,43 / 32,Tiêu chuẩn,RNQ36MV1,RNQ,1,Dàn nóng V1,24,IMPORT_READY,R410A,R410A,"noindex,follow",0,SkyAir RNQ - 4 hướng thổi,FCNQ36MV1-RNQ36MV1,12,64,DAIKIN - CATALOGUE MÁY LẠNH THƯƠNG MẠI 2026 - SKY AIR.pdf,64,126|127,8,TECHNICAL_APPENDIX,F02E3C7B0F993D636630AB4C640D3C7662AA2BF0CC9F5F1957CF460DF7C659DE,2,36000,220-240,"1 Pha, 220-240 V, 50 Hz"
32 / 20,1,36,10.6,VERIFIED_TECHNICAL_TABLE,,,,,1_chieu,3.20,3.39,4 hướng thổi,cassette,,PDF_TABLE_VISUAL_VERIFICATION,50 Hz,50 Hz,,FCNQ36MV1,0,0,,o/9.5,50 (Chiều dài tương đương 70),30,cooling_only,FCNQ36MV1/RNQ36MY1,Điều hòa Daikin SkyAir 4 hướng thổi FCNQ36MV1/RNQ36MY1,43 / 32,Tiêu chuẩn,RNQ36MY1,RNQ,1,Y1,24,IMPORT_READY,R410A,R410A,"noindex,follow",0,SkyAir RNQ - 4 hướng thổi,FCNQ36MV1-RNQ36MY1,12,64,DAIKIN - CATALOGUE MÁY LẠNH THƯƠNG MẠI 2026 - SKY AIR.pdf,64,126|127,8,TECHNICAL_APPENDIX,F02E3C7B0F993D636630AB4C640D3C7662AA2BF0CC9F5F1957CF460DF7C659DE,2,36000,220-240,"1 Pha, 220-240 V, 50 Hz"
33 / 22.5,1,42,12.5,VERIFIED_TECHNICAL_TABLE,,,,,1_chieu,3.01,3.20,4 hướng thổi,cassette,,PDF_TABLE_VISUAL_VERIFICATION,,,,FCNQ42MV1,0,0,,o/9.5,50 (Chiều dài tương đương 70),30,cooling_only,FCNQ42MV1/RNQ42MY1,Điều hòa Daikin SkyAir 4 hướng thổi FCNQ42MV1/RNQ42MY1,44 / 34,Tiêu chuẩn,RNQ42MY1,RNQ,3,Y1,24,IMPORT_READY,R410A,R410A,"noindex,follow",0,SkyAir RNQ - 4 hướng thổi,FCNQ42MV1-RNQ42MY1,13,64,DAIKIN - CATALOGUE MÁY LẠNH THƯƠNG MẠI 2026 - SKY AIR.pdf,64,126|127,8,TECHNICAL_APPENDIX,F02E3C7B0F993D636630AB4C640D3C7662AA2BF0CC9F5F1957CF460DF7C659DE,2,42600,,
33 / 22.5,1,48,14.1,VERIFIED_TECHNICAL_TABLE,,,,,1_chieu,2.80,2.97,4 hướng thổi,cassette,,PDF_TABLE_VISUAL_VERIFICATION,,,,FCNQ48MV1,0,0,,o/9.5,50 (Chiều dài tương đương 70),30,cooling_only,FCNQ48MV1/RNQ48MY1,Điều hòa Daikin SkyAir 4 hướng thổi FCNQ48MV1/RNQ48MY1,44 / 36,Tiêu chuẩn,RNQ48MY1,RNQ,3,Y1,24,IMPORT_READY,R410A,R410A,"noindex,follow",0,SkyAir RNQ - 4 hướng thổi,FCNQ48MV1-RNQ48MY1,14,64,DAIKIN - CATALOGUE MÁY LẠNH THƯƠNG MẠI 2026 - SKY AIR.pdf,64,126|127,8,TECHNICAL_APPENDIX,F02E3C7B0F993D636630AB4C640D3C7662AA2BF0CC9F5F1957CF460DF7C659DE,2,48000,,
13 / 11,1,09,2.7,VERIFIED_TECHNICAL_TABLE,,,,,1_chieu,3.75,3.98,Áp suất tĩnh thấp,ducted,2.0,PDF_TABLE_VISUAL_VERIFICATION,50 Hz,50 Hz,,FDBNQ09MV1V,0,0,,o/6.4,30,10,cooling_only,FDBNQ09MV1V/RNQ09MV1V,Điều hòa Daikin SkyAir Áp suất tĩnh thấp FDBNQ09MV1V/RNQ09MV1V,41 / 38,Tiêu chuẩn,RNQ09MV1V,RNQ,1,Dàn nóng V1,27,IMPORT_READY,R410A,R410A,"noindex,follow",0,SkyAir RNQ - Áp suất tĩnh thấp,FDBNQ09MV1V-RNQ09MV1V,9,64,DAIKIN - CATALOGUE MÁY LẠNH THƯƠNG MẠI 2026 - SKY AIR.pdf,64,126|127,8,TECHNICAL_APPENDIX,F02E3C7B0F993D636630AB4C640D3C7662AA2BF0CC9F5F1957CF460DF7C659DE,3,9200,220-240,"1 Pha, 220-240 V, 50 Hz"
13 / 11,1,13,3.8,VERIFIED_TECHNICAL_TABLE,,,,,1_chieu,3.49,3.71,Áp suất tĩnh thấp,ducted,2.0,PDF_TABLE_VISUAL_VERIFICATION,50 Hz,50 Hz,,FDBNQ13MV1V,0,0,,o/6.4,30,10,cooling_only,FDBNQ13MV1V/RNQ13MV1V,Điều hòa Daikin SkyAir Áp suất tĩnh thấp FDBNQ13MV1V/RNQ13MV1V,41 / 38,Tiêu chuẩn,RNQ13MV1V,RNQ,1,Dàn nóng V1,27,IMPORT_READY,R410A,R410A,"noindex,follow",0,SkyAir RNQ - Áp suất tĩnh thấp,FDBNQ13MV1V-RNQ13MV1V,10,64,DAIKIN - CATALOGUE MÁY LẠNH THƯƠNG MẠI 2026 - SKY AIR.pdf,64,126|127,8,TECHNICAL_APPENDIX,F02E3C7B0F993D636630AB4C640D3C7662AA2BF0CC9F5F1957CF460DF7C659DE,3,13000,220-240,"1 Pha, 220-240 V, 50 Hz"
13 / 11,1,18,5.2,VERIFIED_TECHNICAL_TABLE,,,,,1_chieu,3.10,3.29,Áp suất tĩnh thấp,ducted,2.0,PDF_TABLE_VISUAL_VERIFICATION,50 Hz,50 Hz,,FDBNQ18MV1V,0,0,,o/6.4,30,15,cooling_only,FDBNQ18MV1V/RNQ18MV1V,Điều hòa Daikin SkyAir Áp suất tĩnh thấp FDBNQ18MV1V/RNQ18MV1V,41 / 38,Tiêu chuẩn,RNQ18MV1V,RNQ,1,Dàn nóng V1,27,IMPORT_READY,R410A,R410A,"noindex,follow",0,SkyAir RNQ - Áp suất tĩnh thấp,FDBNQ18MV1V-RNQ18MV1V,11,64,DAIKIN - CATALOGUE MÁY LẠNH THƯƠNG MẠI 2026 - SKY AIR.pdf,64,126|127,8,TECHNICAL_APPENDIX,F02E3C7B0F993D636630AB4C640D3C7662AA2BF0CC9F5F1957CF460DF7C659DE,3,17700,220-240,"1 Pha, 220-240 V, 50 Hz"
18 / 15,1,21,6.2,VERIFIED_TECHNICAL_TABLE,,,,,1_chieu,3.04,3.23,Áp suất tĩnh thấp,ducted,2.0,PDF_TABLE_VISUAL_VERIFICATION,50 Hz,50 Hz,,FDBNQ21MV1V,0,0,,o/6.4,30,15,cooling_only,FDBNQ21MV1V/RNQ21MV1V,Điều hòa Daikin SkyAir Áp suất tĩnh thấp FDBNQ21MV1V/RNQ21MV1V,43 / 40,Tiêu chuẩn,RNQ21MV1V,RNQ,1,Dàn nóng V1,27,IMPORT_READY,R410A,R410A,"noindex,follow",0,SkyAir RNQ - Áp suất tĩnh thấp,FDBNQ21MV1V-RNQ21MV1V,12,64,DAIKIN - CATALOGUE MÁY LẠNH THƯƠNG MẠI 2026 - SKY AIR.pdf,64,126|127,8,TECHNICAL_APPENDIX,F02E3C7B0F993D636630AB4C640D3C7662AA2BF0CC9F5F1957CF460DF7C659DE,3,21000,220-240,"1 Pha, 220-240 V, 50 Hz"
35 / 24,1,24,7.1,VERIFIED_TECHNICAL_TABLE,,,,,1_chieu,2.96,3.14,Áp suất tĩnh thấp,ducted,2.0,PDF_TABLE_VISUAL_VERIFICATION,50 Hz,50 Hz,,FDBNQ24MV1V,0,0,,o/6.4,30,15,cooling_only,FDBNQ24MV1V/RNQ24MV1V,Điều hòa Daikin SkyAir Áp suất tĩnh thấp FDBNQ24MV1V/RNQ24MV1V,46 / 39,Tiêu chuẩn,RNQ24MV1V,RNQ,1,Dàn nóng V1,27,IMPORT_READY,R410A,R410A,"noindex,follow",0,SkyAir RNQ - Áp suất tĩnh thấp,FDBNQ24MV1V-RNQ24MV1V,13,64,DAIKIN - CATALOGUE MÁY LẠNH THƯƠNG MẠI 2026 - SKY AIR.pdf,64,126|127,8,TECHNICAL_APPENDIX,F02E3C7B0F993D636630AB4C640D3C7662AA2BF0CC9F5F1957CF460DF7C659DE,3,24200,220-240,"1 Pha, 220-240 V, 50 Hz"
18 / 15,1,26,7.6,VERIFIED_TECHNICAL_TABLE,,,,,1_chieu,2.90,3.08,Áp suất tĩnh thấp,ducted,2.0,PDF_TABLE_VISUAL_VERIFICATION,50 Hz,50 Hz,,FDBNQ26MV1,0,0,,o/9.5,30 (Chiều dài tương đương 50 m),20,cooling_only,FDBNQ26MV1/RNQ26MY1,Điều hòa Daikin SkyAir Áp suất tĩnh thấp FDBNQ26MV1/RNQ26MY1,43 / 40,Tiêu chuẩn,RNQ26MY1,RNQ,1,Y1,27,IMPORT_READY,R410A,R410A,"noindex,follow",0,SkyAir RNQ - Áp suất tĩnh thấp,FDBNQ26MV1-RNQ26MY1,14,64,DAIKIN - CATALOGUE MÁY LẠNH THƯƠNG MẠI 2026 - SKY AIR.pdf,64,126|127,8,TECHNICAL_APPENDIX,F02E3C7B0F993D636630AB4C640D3C7662AA2BF0CC9F5F1957CF460DF7C659DE,3,26000,220-240,"1 Pha, 220-240 V, 50 Hz"
23,1,26,7.6,VERIFIED_TECHNICAL_TABLE,,,,,1_chieu,2.90,3.08,Áp suất tĩnh trung bình,ducted,8.5,PDF_TABLE_VISUAL_VERIFICATION,50 Hz,50 Hz,,FDMNQ26MV1,0,0,,o/9.5,30 (Chiều dài tương đương 50 m),20,cooling_only,FDMNQ26MV1/RNQ26MV19,Điều hòa Daikin SkyAir Áp suất tĩnh trung bình FDMNQ26MV1/RNQ26MV19,42 / 38,Tiêu chuẩn,RNQ26MV19,RNQ,1,Dàn nóng V1,27,IMPORT_READY,R410A,R410A,"noindex,follow",0,SkyAir RNQ - Áp suất tĩnh trung bình,FDMNQ26MV1-RNQ26MV19,9,64,DAIKIN - CATALOGUE MÁY LẠNH THƯƠNG MẠI 2026 - SKY AIR.pdf,64,126|127,8,TECHNICAL_APPENDIX,F02E3C7B0F993D636630AB4C640D3C7662AA2BF0CC9F5F1957CF460DF7C659DE,4,26000,220-240,"1 Pha, 220-240 V, 50 Hz"
23,1,26,7.6,VERIFIED_TECHNICAL_TABLE,,,,,1_chieu,2.90,3.08,Áp suất tĩnh trung bình,ducted,8.5,PDF_TABLE_VISUAL_VERIFICATION,50 Hz,50 Hz,,FDMNQ26MV1,0,0,,o/9.5,30 (Chiều dài tương đương 50 m),20,cooling_only,FDMNQ26MV1/RNQ26MY1,Điều hòa Daikin SkyAir Áp suất tĩnh trung bình FDMNQ26MV1/RNQ26MY1,42 / 38,Tiêu chuẩn,RNQ26MY1,RNQ,1,Y1,27,IMPORT_READY,R410A,R410A,"noindex,follow",0,SkyAir RNQ - Áp suất tĩnh trung bình,FDMNQ26MV1-RNQ26MY1,9,64,DAIKIN - CATALOGUE MÁY LẠNH THƯƠNG MẠI 2026 - SKY AIR.pdf,64,126|127,8,TECHNICAL_APPENDIX,F02E3C7B0F993D636630AB4C640D3C7662AA2BF0CC9F5F1957CF460DF7C659DE,4,26000,220-240,"1 Pha, 220-240 V, 50 Hz"
37,1,30,8.8,VERIFIED_TECHNICAL_TABLE,,,,,1_chieu,2.90,3.08,Áp suất tĩnh trung bình,ducted,9.8,PDF_TABLE_VISUAL_VERIFICATION,50 Hz,50 Hz,,FDMNQ30MV1,0,0,,o/9.5,50 (Chiều dài tương đương 70 m),30,cooling_only,FDMNQ30MV1/RNQ30MV1,Điều hòa Daikin SkyAir Áp suất tĩnh trung bình FDMNQ30MV1/RNQ30MV1,44 / 36,Tiêu chuẩn,RNQ30MV1,RNQ,1,Dàn nóng V1,27,IMPORT_READY,R410A,R410A,"noindex,follow",0,SkyAir RNQ - Áp suất tĩnh trung bình,FDMNQ30MV1-RNQ30MV1,10,64,DAIKIN - CATALOGUE MÁY LẠNH THƯƠNG MẠI 2026 - SKY AIR.pdf,64,126|127,8,TECHNICAL_APPENDIX,F02E3C7B0F993D636630AB4C640D3C7662AA2BF0CC9F5F1957CF460DF7C659DE,4,30000,220-240,"1 Pha, 220-240 V, 50 Hz"
37,1,30,8.8,VERIFIED_TECHNICAL_TABLE,,,,,1_chieu,2.90,3.08,Áp suất tĩnh trung bình,ducted,9.8,PDF_TABLE_VISUAL_VERIFICATION,50 Hz,50 Hz,,FDMNQ30MV1,0,0,,o/9.5,50 (Chiều dài tương đương 70 m),30,cooling_only,FDMNQ30MV1/RNQ30MY1,Điều hòa Daikin SkyAir Áp suất tĩnh trung bình FDMNQ30MV1/RNQ30MY1,44 / 36,Tiêu chuẩn,RNQ30MY1,RNQ,1,Y1,27,IMPORT_READY,R410A,R410A,"noindex,follow",0,SkyAir RNQ - Áp suất tĩnh trung bình,FDMNQ30MV1-RNQ30MY1,10,64,DAIKIN - CATALOGUE MÁY LẠNH THƯƠNG MẠI 2026 - SKY AIR.pdf,64,126|127,8,TECHNICAL_APPENDIX,F02E3C7B0F993D636630AB4C640D3C7662AA2BF0CC9F5F1957CF460DF7C659DE,4,30000,220-240,"1 Pha, 220-240 V, 50 Hz"
37,1,36,10.6,VERIFIED_TECHNICAL_TABLE,,,,,1_chieu,3.00,3.19,Áp suất tĩnh trung bình,ducted,9.8,PDF_TABLE_VISUAL_VERIFICATION,50 Hz,50 Hz,,FDMNQ36MV1,0,0,,o/9.5,50 (Chiều dài tương đương 70 m),30,cooling_only,FDMNQ36MV1/RNQ36MV1,Điều hòa Daikin SkyAir Áp suất tĩnh trung bình FDMNQ36MV1/RNQ36MV1,45 / 37,Tiêu chuẩn,RNQ36MV1,RNQ,1,Dàn nóng V1,27,IMPORT_READY,R410A,R410A,"noindex,follow",0,SkyAir RNQ - Áp suất tĩnh trung bình,FDMNQ36MV1-RNQ36MV1,11,64,DAIKIN - CATALOGUE MÁY LẠNH THƯƠNG MẠI 2026 - SKY AIR.pdf,64,126|127,8,TECHNICAL_APPENDIX,F02E3C7B0F993D636630AB4C640D3C7662AA2BF0CC9F5F1957CF460DF7C659DE,4,36000,220-240,"1 Pha, 220-240 V, 50 Hz"
37,1,36,10.6,VERIFIED_TECHNICAL_TABLE,,,,,1_chieu,3.00,3.19,Áp suất tĩnh trung bình,ducted,9.8,PDF_TABLE_VISUAL_VERIFICATION,50 Hz,50 Hz,,FDMNQ36MV1,0,0,,o/9.5,50 (Chiều dài tương đương 70 m),30,cooling_only,FDMNQ36MV1/RNQ36MY1,Điều hòa Daikin SkyAir Áp suất tĩnh trung bình FDMNQ36MV1/RNQ36MY1,45 / 37,Tiêu chuẩn,RNQ36MY1,RNQ,1,Y1,27,IMPORT_READY,R410A,R410A,"noindex,follow",0,SkyAir RNQ - Áp suất tĩnh trung bình,FDMNQ36MV1-RNQ36MY1,11,64,DAIKIN - CATALOGUE MÁY LẠNH THƯƠNG MẠI 2026 - SKY AIR.pdf,64,126|127,8,TECHNICAL_APPENDIX,F02E3C7B0F993D636630AB4C640D3C7662AA2BF0CC9F5F1957CF460DF7C659DE,4,36000,220-240,"1 Pha, 220-240 V, 50 Hz"
42,1,42,12.3,VERIFIED_TECHNICAL_TABLE,,,,,1_chieu,2.74,2.91,Áp suất tĩnh trung bình,ducted,8.0,PDF_TABLE_VISUAL_VERIFICATION,,,,FDMNQ42MV1,0,0,,o/9.5,50 (Chiều dài tương đương 70 m),30,cooling_only,FDMNQ42MV1/RNQ42MY1,Điều hòa Daikin SkyAir Áp suất tĩnh trung bình FDMNQ42MV1/RNQ42MY1,46 / 37,Tiêu chuẩn,RNQ42MY1,RNQ,3,Y1,27,IMPORT_READY,R410A,R410A,"noindex,follow",0,SkyAir RNQ - Áp suất tĩnh trung bình,FDMNQ42MV1-RNQ42MY1,12,64,DAIKIN - CATALOGUE MÁY LẠNH THƯƠNG MẠI 2026 - SKY AIR.pdf,64,126|127,8,TECHNICAL_APPENDIX,F02E3C7B0F993D636630AB4C640D3C7662AA2BF0CC9F5F1957CF460DF7C659DE,4,42000,,
42,1,48,14.1,VERIFIED_TECHNICAL_TABLE,,,,,1_chieu,2.54,2.70,Áp suất tĩnh trung bình,ducted,8.0,PDF_TABLE_VISUAL_VERIFICATION,,,,FDMNQ48MV1,0,0,,o/9.5,50 (Chiều dài tương đương 70 m),30,cooling_only,FDMNQ48MV1/RNQ48MY1,Điều hòa Daikin SkyAir Áp suất tĩnh trung bình FDMNQ48MV1/RNQ48MY1,46 / 37,Tiêu chuẩn,RNQ48MY1,RNQ,3,Y1,27,IMPORT_READY,R410A,R410A,"noindex,follow",0,SkyAir RNQ - Áp suất tĩnh trung bình,FDMNQ48MV1-RNQ48MY1,13,64,DAIKIN - CATALOGUE MÁY LẠNH THƯƠNG MẠI 2026 - SKY AIR.pdf,64,126|127,8,TECHNICAL_APPENDIX,F02E3C7B0F993D636630AB4C640D3C7662AA2BF0CC9F5F1957CF460DF7C659DE,4,48000,,
23.8 / 19.8 / 15.9 / 12.5,1,50,5.42,VERIFIED_TECHNICAL_TABLE,,,,,1_chieu,3.23,3.43,4 hướng thổi,cassette,,PDF_TABLE_VISUAL_VERIFICATION,50 Hz,50 Hz,,FCC50AV1V,0,0,,o/6.4,35,20,cooling_only,FCC50AV1V/RC50AGV1V,Điều hòa Daikin SkyAir 4 hướng thổi FCC50AV1V/RC50AGV1V,42 / 39 / 37 / 35,Tiêu chuẩn,RC50AGV1V,RC,1,Dàn nóng V1,24,IMPORT_READY,R410A,R410A,"noindex,follow",0,SkyAir RC - 4 hướng thổi,FCC50AV1V-RC50AGV1V,6,64,DAIKIN - CATALOGUE MÁY LẠNH THƯƠNG MẠI 2026 - SKY AIR.pdf,64,126|127,8,TECHNICAL_APPENDIX,F02E3C7B0F993D636630AB4C640D3C7662AA2BF0CC9F5F1957CF460DF7C659DE,5,18500,220-240,"1 Pha, 220-240 V, 50 Hz"
25.2 / 21.5 / 17.6 / 13.9,1,60,7.03,VERIFIED_TECHNICAL_TABLE,,,,,1_chieu,3.30,3.50,4 hướng thổi,cassette,,PDF_TABLE_VISUAL_VERIFICATION,50 Hz,50 Hz,,FCC60AV1V,0,0,,o/6.4,35,20,cooling_only,FCC60AV1V/RC60AGV1V,Điều hòa Daikin SkyAir 4 hướng thổi FCC60AV1V/RC60AGV1V,44 / 40 / 37 / 35,Tiêu chuẩn,RC60AGV1V,RC,1,Dàn nóng V1,24,IMPORT_READY,R410A,R410A,"noindex,follow",0,SkyAir RC - 4 hướng thổi,FCC60AV1V-RC60AGV1V,7,64,DAIKIN - CATALOGUE MÁY LẠNH THƯƠNG MẠI 2026 - SKY AIR.pdf,64,126|127,8,TECHNICAL_APPENDIX,F02E3C7B0F993D636630AB4C640D3C7662AA2BF0CC9F5F1957CF460DF7C659DE,5,24000,220-240,"1 Pha, 220-240 V, 50 Hz"
25.2 / 21.5 / 17.6 / 13.9,1,85,8.79,VERIFIED_TECHNICAL_TABLE,,,,,1_chieu,3.24,3.44,4 hướng thổi,cassette,,PDF_TABLE_VISUAL_VERIFICATION,50 Hz,50 Hz,,FCC85AV1V,0,0,,o/9.5,50,30,cooling_only,FCC85AV1V/RC85AGV1V,Điều hòa Daikin SkyAir 4 hướng thổi FCC85AV1V/RC85AGV1V,44 / 40 / 37 / 35,Tiêu chuẩn,RC85AGV1V,RC,1,Dàn nóng V1,24,IMPORT_READY,R410A,R410A,"noindex,follow",0,SkyAir RC - 4 hướng thổi,FCC85AV1V-RC85AGV1V,8,64,DAIKIN - CATALOGUE MÁY LẠNH THƯƠNG MẠI 2026 - SKY AIR.pdf,64,126|127,8,TECHNICAL_APPENDIX,F02E3C7B0F993D636630AB4C640D3C7662AA2BF0CC9F5F1957CF460DF7C659DE,5,30000,220-240,"1 Pha, 220-240 V, 50 Hz"
25.2 / 21.5 / 17.6 / 13.9,1,85,8.79,VERIFIED_TECHNICAL_TABLE,,,,,1_chieu,3.26,3.46,4 hướng thổi,cassette,,PDF_TABLE_VISUAL_VERIFICATION,50 Hz,50 Hz,,FCC85AV1V,0,0,,o/9.5,50,30,cooling_only,FCC85AV1V/RC85AGY1V,Điều hòa Daikin SkyAir 4 hướng thổi FCC85AV1V/RC85AGY1V,44 / 40 / 37 / 35,Tiêu chuẩn,RC85AGY1V,RC,3,Y1,24,IMPORT_READY,R410A,R410A,"noindex,follow",0,SkyAir RC - 4 hướng thổi,FCC85AV1V-RC85AGY1V,9,64,DAIKIN - CATALOGUE MÁY LẠNH THƯƠNG MẠI 2026 - SKY AIR.pdf,64,126|127,8,TECHNICAL_APPENDIX,F02E3C7B0F993D636630AB4C640D3C7662AA2BF0CC9F5F1957CF460DF7C659DE,5,30000,380-415,"3 Pha, 380-415 V, 50 Hz"
31.7 / 29.2 / 25.2 / 21.5,1,100,10.55,VERIFIED_TECHNICAL_TABLE,,,,,1_chieu,3.28,3.48,4 hướng thổi,cassette,,PDF_TABLE_VISUAL_VERIFICATION,50 Hz,50 Hz,,FCC100AV1V,0,0,,o/9.5,50,30,cooling_only,FCC100AV1V/RC100AGY1V,Điều hòa Daikin SkyAir 4 hướng thổi FCC100AV1V/RC100AGY1V,48 / 46 / 43 / 40,Tiêu chuẩn,RC100AGY1V,RC,3,Y1,24,IMPORT_READY,R410A,R410A,"noindex,follow",0,SkyAir RC - 4 hướng thổi,FCC100AV1V-RC100AGY1V,10,64,DAIKIN - CATALOGUE MÁY LẠNH THƯƠNG MẠI 2026 - SKY AIR.pdf,64,126|127,8,TECHNICAL_APPENDIX,F02E3C7B0F993D636630AB4C640D3C7662AA2BF0CC9F5F1957CF460DF7C659DE,5,36000,380-415,"3 Pha, 380-415 V, 50 Hz"
31.7 / 29.2 / 25.2 / 21.5,1,125,12.31,VERIFIED_TECHNICAL_TABLE,,,,,1_chieu,3.40,3.61,4 hướng thổi,cassette,,PDF_TABLE_VISUAL_VERIFICATION,50 Hz,50 Hz,,FCC125AV1V,0,0,,o/9.5,50,30,cooling_only,FCC125AV1V/RC125AGY1V,Điều hòa Daikin SkyAir 4 hướng thổi FCC125AV1V/RC125AGY1V,48 / 46 / 43 / 40,Tiêu chuẩn,RC125AGY1V,RC,3,Y1,24,IMPORT_READY,R410A,R410A,"noindex,follow",0,SkyAir RC - 4 hướng thổi,FCC125AV1V-RC125AGY1V,11,64,DAIKIN - CATALOGUE MÁY LẠNH THƯƠNG MẠI 2026 - SKY AIR.pdf,64,126|127,8,TECHNICAL_APPENDIX,F02E3C7B0F993D636630AB4C640D3C7662AA2BF0CC9F5F1957CF460DF7C659DE,5,42000,380-415,"3 Pha, 380-415 V, 50 Hz"
31.7 / 29.2 / 25.2 / 21.5,1,,14.07,VERIFIED_TECHNICAL_TABLE,,,,,1_chieu,3.43,-------,4 hướng thổi,cassette,,PDF_TABLE_VISUAL_VERIFICATION,50 Hz,50 Hz,,FCC140AV1V,0,0,,o/9.5,50,30,cooling_only,FCC140AV1V/RC140AGY1V,Điều hòa Daikin SkyAir 4 hướng thổi FCC140AV1V/RC140AGY1V,48 / 46 / 43 / 40,Tiêu chuẩn,RC140AGY1V,RC,3,Y1,24,IMPORT_READY,R410A,R410A,"noindex,follow",0,SkyAir RC - 4 hướng thổi,FCC140AV1V-RC140AGY1V,12,64,DAIKIN - CATALOGUE MÁY LẠNH THƯƠNG MẠI 2026 - SKY AIR.pdf,64,126|127,8,TECHNICAL_APPENDIX,F02E3C7B0F993D636630AB4C640D3C7662AA2BF0CC9F5F1957CF460DF7C659DE,5,48000,380-415,"3 Pha, 380-415 V, 50 Hz"
16 / 13,1,13,3.8,VERIFIED_TECHNICAL_TABLE,,,,,1_chieu,3.65,3.88,Áp trần,ceiling_suspended,,PDF_TABLE_VISUAL_VERIFICATION,50 Hz,50 Hz,,FHNQ13MV1V,0,0,,o/6.4,30,10,cooling_only,FHNQ13MV1V/RNQ13MV1V,Điều hòa Daikin SkyAir Áp trần FHNQ13MV1V/RNQ13MV1V,43 / 39,Tiêu chuẩn,RNQ13MV1V,RNQ,1,Dàn nóng V1,23,IMPORT_READY,R410A,R410A,"noindex,follow",0,SkyAir RNQ - Áp trần,FHNQ13MV1V-RNQ13MV1V,8,65,DAIKIN - CATALOGUE MÁY LẠNH THƯƠNG MẠI 2026 - SKY AIR.pdf,65,128|129,8,TECHNICAL_APPENDIX,F02E3C7B0F993D636630AB4C640D3C7662AA2BF0CC9F5F1957CF460DF7C659DE,2,13000,220-240,"1 Pha, 220-240 V, 50 Hz"
22-23 / 19-20,1,18,5.3,VERIFIED_TECHNICAL_TABLE,,,,,1_chieu,3.27,3.47,Áp trần,ceiling_suspended,,PDF_TABLE_VISUAL_VERIFICATION,50 Hz,50 Hz,,FHNQ18MV1V,0,0,,o/6.4,30,15,cooling_only,FHNQ18MV1V/RNQ18MV1V,Điều hòa Daikin SkyAir Áp trần FHNQ18MV1V/RNQ18MV1V,44 / 40,Tiêu chuẩn,RNQ18MV1V,RNQ,1,Dàn nóng V1,23,IMPORT_READY,R410A,R410A,"noindex,follow",0,SkyAir RNQ - Áp trần,FHNQ18MV1V-RNQ18MV1V,9,65,DAIKIN - CATALOGUE MÁY LẠNH THƯƠNG MẠI 2026 - SKY AIR.pdf,65,128|129,8,TECHNICAL_APPENDIX,F02E3C7B0F993D636630AB4C640D3C7662AA2BF0CC9F5F1957CF460DF7C659DE,2,18000,220-240,"1 Pha, 220-240 V, 50 Hz"
22-23 / 19-20,1,21,6.2,VERIFIED_TECHNICAL_TABLE,,,,,1_chieu,2.95,3.13,Áp trần,ceiling_suspended,,PDF_TABLE_VISUAL_VERIFICATION,50 Hz,50 Hz,,FHNQ21MV1V,0,0,,o/6.4,30,15,cooling_only,FHNQ21MV1V/RNQ21MV1V,Điều hòa Daikin SkyAir Áp trần FHNQ21MV1V/RNQ21MV1V,44 / 40,Tiêu chuẩn,RNQ21MV1V,RNQ,1,Dàn nóng V1,23,IMPORT_READY,R410A,R410A,"noindex,follow",0,SkyAir RNQ - Áp trần,FHNQ21MV1V-RNQ21MV1V,10,65,DAIKIN - CATALOGUE MÁY LẠNH THƯƠNG MẠI 2026 - SKY AIR.pdf,65,128|129,8,TECHNICAL_APPENDIX,F02E3C7B0F993D636630AB4C640D3C7662AA2BF0CC9F5F1957CF460DF7C659DE,2,21000,220-240,"1 Pha, 220-240 V, 50 Hz"
26 / 22,1,24,7.1,VERIFIED_TECHNICAL_TABLE,,,,,1_chieu,3.00,3.19,Áp trần,ceiling_suspended,,PDF_TABLE_VISUAL_VERIFICATION,50 Hz,50 Hz,,FHNQ24MV1V,0,0,,o/6.4,30,15,cooling_only,FHNQ24MV1V/RNQ24MV1V,Điều hòa Daikin SkyAir Áp trần FHNQ24MV1V/RNQ24MV1V,45 / 40,Tiêu chuẩn,RNQ24MV1V,RNQ,1,Dàn nóng V1,23,IMPORT_READY,R410A,R410A,"noindex,follow",0,SkyAir RNQ - Áp trần,FHNQ24MV1V-RNQ24MV1V,11,65,DAIKIN - CATALOGUE MÁY LẠNH THƯƠNG MẠI 2026 - SKY AIR.pdf,65,128|129,8,TECHNICAL_APPENDIX,F02E3C7B0F993D636630AB4C640D3C7662AA2BF0CC9F5F1957CF460DF7C659DE,2,24200,220-240,"1 Pha, 220-240 V, 50 Hz"
26 / 22,1,26,7.6,VERIFIED_TECHNICAL_TABLE,,,,,1_chieu,2.87,3.05,Áp trần,ceiling_suspended,,PDF_TABLE_VISUAL_VERIFICATION,,,,FHNQ26MV1,0,0,,o/9.5,30 (Chiều dài tương đương 50),20,cooling_only,FHNQ26MV1/RNQ26MY1,Điều hòa Daikin SkyAir Áp trần FHNQ26MV1/RNQ26MY1,45 / 40,Tiêu chuẩn,RNQ26MY1,RNQ,3,Y1,23,IMPORT_READY,R410A,R410A,"noindex,follow",0,SkyAir RNQ - Áp trần,FHNQ26MV1-RNQ26MY1,12,65,DAIKIN - CATALOGUE MÁY LẠNH THƯƠNG MẠI 2026 - SKY AIR.pdf,65,128|129,8,TECHNICAL_APPENDIX,F02E3C7B0F993D636630AB4C640D3C7662AA2BF0CC9F5F1957CF460DF7C659DE,2,26000,,
19.1 / 17.7 / 15,1,85,8.5,VERIFIED_TECHNICAL_TABLE,,,,,1_chieu,3.1,3.29,Tủ đứng đặt sàn,floor_standing,,PDF_TABLE_VISUAL_VERIFICATION,50Hz,50Hz,,FVC85AV1V,0,0,,9.5,50,30,cooling_only,FVC85AV1V/RC85AGV1V,Điều hòa Daikin SkyAir Tủ đứng đặt sàn FVC85AV1V/RC85AGV1V,44 / 42 / 39,Tiêu chuẩn,RC85AGV1V,RC,1,Dàn nóng,25,IMPORT_READY,R410A,R410A,"noindex,follow",0,SkyAir RC - Tủ đứng đặt sàn,FVC85AV1V-RC85AGV1V,5,65,DAIKIN - CATALOGUE MÁY LẠNH THƯƠNG MẠI 2026 - SKY AIR.pdf,65,128|129,7,TECHNICAL_APPENDIX,F02E3C7B0F993D636630AB4C640D3C7662AA2BF0CC9F5F1957CF460DF7C659DE,3,29000,220,"1 Pha, 220V, 50Hz"
19.1 / 17.7 /1 185 / 16,1,85,8.5,VERIFIED_TECHNICAL_TABLE,,,,,1_chieu,3.1,3.29,Tủ đứng đặt sàn,floor_standing,,PDF_TABLE_VISUAL_VERIFICATION,50Hz,50Hz,,FVC85AV1V,0,0,,9.5,50,30,cooling_only,FVC85AV1V/RC85AGY1V,Điều hòa Daikin SkyAir Tủ đứng đặt sàn FVC85AV1V/RC85AGY1V,44 / 42 / 39,Tiêu chuẩn,RC85AGY1V,RC,3,Dàn nóng,25,IMPORT_READY,R410A,R410A,"noindex,follow",0,SkyAir RC - Tủ đứng đặt sàn,FVC85AV1V-RC85AGY1V,6,65,DAIKIN - CATALOGUE MÁY LẠNH THƯƠNG MẠI 2026 - SKY AIR.pdf,65,128|129,7,TECHNICAL_APPENDIX,F02E3C7B0F993D636630AB4C640D3C7662AA2BF0CC9F5F1957CF460DF7C659DE,3,29000,380-415,"3 Pha, 380-415V, 50Hz"
/ 1435.1 / 32.4 / 29.4,1,100,10.55,VERIFIED_TECHNICAL_TABLE,,,,,1_chieu,3.1,3.29,Tủ đứng đặt sàn,floor_standing,,PDF_TABLE_VISUAL_VERIFICATION,50Hz,50Hz,,FVC100AV1V,0,0,,9.5,50,30,cooling_only,FVC100AV1V/RC100AGY1V,Điều hòa Daikin SkyAir Tủ đứng đặt sàn FVC100AV1V/RC100AGY1V,54 / 52 / 50,Tiêu chuẩn,RC100AGY1V,RC,3,Dàn nóng,25,IMPORT_READY,R410A,R410A,"noindex,follow",0,SkyAir RC - Tủ đứng đặt sàn,FVC100AV1V-RC100AGY1V,7,65,DAIKIN - CATALOGUE MÁY LẠNH THƯƠNG MẠI 2026 - SKY AIR.pdf,65,128|129,7,TECHNICAL_APPENDIX,F02E3C7B0F993D636630AB4C640D3C7662AA2BF0CC9F5F1957CF460DF7C659DE,3,36000,380-415,"3 Pha, 380-415V, 50Hz"
35.1 / 32.4 / 29.4,1,125,12.31,VERIFIED_TECHNICAL_TABLE,,,,,1_chieu,3.33,3.54,Tủ đứng đặt sàn,floor_standing,,PDF_TABLE_VISUAL_VERIFICATION,50Hz,50Hz,,FVC125AV1V,0,0,,9.5,50,30,cooling_only,FVC125AV1V/RC125AGY1V,Điều hòa Daikin SkyAir Tủ đứng đặt sàn FVC125AV1V/RC125AGY1V,54 / 52 / 50,Tiêu chuẩn,RC125AGY1V,RC,3,Dàn nóng,25,IMPORT_READY,R410A,R410A,"noindex,follow",0,SkyAir RC - Tủ đứng đặt sàn,FVC125AV1V-RC125AGY1V,8,65,DAIKIN - CATALOGUE MÁY LẠNH THƯƠNG MẠI 2026 - SKY AIR.pdf,65,128|129,7,TECHNICAL_APPENDIX,F02E3C7B0F993D636630AB4C640D3C7662AA2BF0CC9F5F1957CF460DF7C659DE,3,42000,380-415,"3 Pha, 380-415V, 50Hz"
35.1 / 32.4 / 29.4,1,140,14.07,VERIFIED_TECHNICAL_TABLE,,,,,1_chieu,3.43,3.64,Tủ đứng đặt sàn,floor_standing,,PDF_TABLE_VISUAL_VERIFICATION,50Hz,50Hz,,FVC140AV1V,0,0,,9.5,50,30,cooling_only,FVC140AV1V/RC140AGY1V,Điều hòa Daikin SkyAir Tủ đứng đặt sàn FVC140AV1V/RC140AGY1V,54 / 52 / 50,Tiêu chuẩn,RC140AGY1V,RC,3,Dàn nóng,25,IMPORT_READY,R410A,R410A,"noindex,follow",0,SkyAir RC - Tủ đứng đặt sàn,FVC140AV1V-RC140AGY1V,9,65,DAIKIN - CATALOGUE MÁY LẠNH THƯƠNG MẠI 2026 - SKY AIR.pdf,65,128|129,7,TECHNICAL_APPENDIX,F02E3C7B0F993D636630AB4C640D3C7662AA2BF0CC9F5F1957CF460DF7C659DE,3,48000,380-415,"3 Pha, 380-415V, 50Hz"
26-27 / 22-23,1,30,8.8,VERIFIED_TECHNICAL_TABLE,,,,,1_chieu,2.87,3.05,Áp trần,ceiling_suspended,,PDF_TABLE_VISUAL_VERIFICATION,50 Hz,50 Hz,,FHNQ30MV1V,0,0,,o/9.5,50 (Chiều dài tương đương 70),30,cooling_only,FHNQ30MV1V/RNQ30MV1V,Điều hòa Daikin SkyAir Áp trần FHNQ30MV1V/RNQ30MV1V,45 / 40,Tiêu chuẩn,RNQ30MV1V,RNQ,1,Dàn nóng V1,23,IMPORT_READY,R410A,R410A,"noindex,follow",0,SkyAir RNQ - Áp trần,FHNQ30MV1V-RNQ30MV1V,8,65,DAIKIN - CATALOGUE MÁY LẠNH THƯƠNG MẠI 2026 - SKY AIR.pdf,65,128|129,8,TECHNICAL_APPENDIX,F02E3C7B0F993D636630AB4C640D3C7662AA2BF0CC9F5F1957CF460DF7C659DE,4,30000,220-240,"1 Pha, 220-240 V, 50 Hz"
38-40 / 23-25,1,36,10.1,VERIFIED_TECHNICAL_TABLE,,34500,,,1_chieu,2.94,3.12,Áp trần,ceiling_suspended,,PDF_TABLE_VISUAL_VERIFICATION,50 Hz,50 Hz,,FHNQ36MV1V,0,0,,o/9.5,50 (Chiều dài tương đương 70),30,cooling_only,FHNQ36MV1V/RNQ36MV1V,Điều hòa Daikin SkyAir Áp trần FHNQ36MV1V/RNQ36MV1V,48 / 42,Tiêu chuẩn,RNQ36MV1V,RNQ,1,Dàn nóng V1,23,IMPORT_READY,R410A,R410A,"noindex,follow",0,SkyAir RNQ - Áp trần,FHNQ36MV1V-RNQ36MV1V,9,65,DAIKIN - CATALOGUE MÁY LẠNH THƯƠNG MẠI 2026 - SKY AIR.pdf,65,128|129,8,TECHNICAL_APPENDIX,F02E3C7B0F993D636630AB4C640D3C7662AA2BF0CC9F5F1957CF460DF7C659DE,4,34500,220-240,"1 Pha, 220-240 V, 50 Hz"
38-40 / 23-25,1,42,12.3,VERIFIED_TECHNICAL_TABLE,,,,,1_chieu,2.73,2.90,Áp trần,ceiling_suspended,,PDF_TABLE_VISUAL_VERIFICATION,,,,FHNQ42MV1,0,0,,o/9.5,50 (Chiều dài tương đương 70),30,cooling_only,FHNQ42MV1/RNQ42MY1,Điều hòa Daikin SkyAir Áp trần FHNQ42MV1/RNQ42MY1,48 / 42,Tiêu chuẩn,RNQ42MY1,RNQ,3,Y1,23,IMPORT_READY,R410A,R410A,"noindex,follow",0,SkyAir RNQ - Áp trần,FHNQ42MV1-RNQ42MY1,10,65,DAIKIN - CATALOGUE MÁY LẠNH THƯƠNG MẠI 2026 - SKY AIR.pdf,65,128|129,8,TECHNICAL_APPENDIX,F02E3C7B0F993D636630AB4C640D3C7662AA2BF0CC9F5F1957CF460DF7C659DE,4,42000,,
42-44 / 24-26,1,48,14.1,VERIFIED_TECHNICAL_TABLE,,,,,1_chieu,2.56,2.72,Áp trần,ceiling_suspended,,PDF_TABLE_VISUAL_VERIFICATION,,,,FHNQ48MV1,0,0,,o/9.5,50 (Chiều dài tương đương 70),30,cooling_only,FHNQ48MV1/RNQ48MY1,Điều hòa Daikin SkyAir Áp trần FHNQ48MV1/RNQ48MY1,49 / 43,Tiêu chuẩn,RNQ48MY1,RNQ,3,Y1,23,IMPORT_READY,R410A,R410A,"noindex,follow",0,SkyAir RNQ - Áp trần,FHNQ48MV1-RNQ48MY1,11,65,DAIKIN - CATALOGUE MÁY LẠNH THƯƠNG MẠI 2026 - SKY AIR.pdf,65,128|129,8,TECHNICAL_APPENDIX,F02E3C7B0F993D636630AB4C640D3C7662AA2BF0CC9F5F1957CF460DF7C659DE,4,48000,,
"2,500/2,100/1,700",1,8,23.5,VERIFIED_TECHNICAL_TABLE,,,,,1_chieu,,,Tủ đứng package,floor_standing,,PDF_TABLE_VISUAL_VERIFICATION,,,22.2,FVGR8PV1,0,0,,12.7,,,cooling_only,FVGR8PV1/RN80H(E)Y18,Điều hòa Daikin SkyAir Tủ đứng package FVGR8PV1/RN80H(E)Y18,67/63/58,Tiêu chuẩn,RN80H(E)Y18,RN,3,Dàn nóng,25,IMPORT_READY,R410A,R410A,"noindex,follow",0,SkyAir RN - Tủ đứng package,FVGR8PV1-RN80H(E)Y18,6,65,DAIKIN - CATALOGUE MÁY LẠNH THƯƠNG MẠI 2026 - SKY AIR.pdf,65,128|129,6,TECHNICAL_APPENDIX,F02E3C7B0F993D636630AB4C640D3C7662AA2BF0CC9F5F1957CF460DF7C659DE,5,80000,380-415,380-415/3/50
"2,600/2,200/1,800",1,10,29.3,VERIFIED_TECHNICAL_TABLE,,,,,1_chieu,,,Tủ đứng package,floor_standing,,PDF_TABLE_VISUAL_VERIFICATION,,,25.4,FVGR10PV1,0,0,,12.7,,,cooling_only,FVGR10PV1/RCN100H(E)Y18,Điều hòa Daikin SkyAir Tủ đứng package FVGR10PV1/RCN100H(E)Y18,67/63/58,Tiêu chuẩn,RCN100H(E)Y18,RCN,3,Dàn nóng,25,IMPORT_READY,R410A,R410A,"noindex,follow",0,SkyAir RCN - Tủ đứng package,FVGR10PV1-RCN100H(E)Y18,7,65,DAIKIN - CATALOGUE MÁY LẠNH THƯƠNG MẠI 2026 - SKY AIR.pdf,65,128|129,6,TECHNICAL_APPENDIX,F02E3C7B0F993D636630AB4C640D3C7662AA2BF0CC9F5F1957CF460DF7C659DE,5,100000,380-415,380-415/3/50
"3,400/2,900/2,500",1,13,35.5,VERIFIED_TECHNICAL_TABLE,,,,,1_chieu,,,Tủ đứng package,floor_standing,,PDF_TABLE_VISUAL_VERIFICATION,,,28.6,FVGR13PV1,0,0,,12.7,,,cooling_only,FVGR13PV1/RCN125H(E)Y18,Điều hòa Daikin SkyAir Tủ đứng package FVGR13PV1/RCN125H(E)Y18,67/63/58,Tiêu chuẩn,RCN125H(E)Y18,RCN,3,Dàn nóng,25,IMPORT_READY,R410A,R410A,"noindex,follow",0,SkyAir RCN - Tủ đứng package,FVGR13PV1-RCN125H(E)Y18,8,65,DAIKIN - CATALOGUE MÁY LẠNH THƯƠNG MẠI 2026 - SKY AIR.pdf,65,128|129,6,TECHNICAL_APPENDIX,F02E3C7B0F993D636630AB4C640D3C7662AA2BF0CC9F5F1957CF460DF7C659DE,5,121000,380-415,380-415/3/50
"4,200/4,050/3,900",1,15,44.8,VERIFIED_TECHNICAL_TABLE,,,,,1_chieu,,,Tủ đứng package,floor_standing,,PDF_TABLE_VISUAL_VERIFICATION,,,34.9,FVGR15PV1,0,0,,15.9,,,cooling_only,FVGR15PV1/RCN150H(E)Y18,Điều hòa Daikin SkyAir Tủ đứng package FVGR15PV1/RCN150H(E)Y18,69/68/66,Tiêu chuẩn,RCN150H(E)Y18,RCN,3,Dàn nóng,25,IMPORT_READY,R410A,R410A,"noindex,follow",0,SkyAir RCN - Tủ đứng package,FVGR15PV1-RCN150H(E)Y18,10,65,DAIKIN - CATALOGUE MÁY LẠNH THƯƠNG MẠI 2026 - SKY AIR.pdf,65,128|129,6,TECHNICAL_APPENDIX,F02E3C7B0F993D636630AB4C640D3C7662AA2BF0CC9F5F1957CF460DF7C659DE,5,153000,380-415,380-415/3/50
